TICKER,PER,DATE,TIME,OPEN,HIGH,LOW,CLOSE,VOL
SNGS,1,20171114,100000,29.935,29.97,29.9,29.9,32800
SNGS,1,20171115,100000,30.19,30.325,30.19,30.3,108600
SNGS,1,20171116,100000,29.46,29.465,29.25,29.38,184800
SNGS,1,20171117,100000,29.02,29.06,28.9,28.915,55200
SNGS,1,20171120,100000,29.085,29.1,29.085,29.1,4600
SNGS,1,20171121,100000,29.49,29.6,29.49,29.6,23800
SNGS,1,20171122,100000,29.41,29.41,29.16,29.225,39200
SNGS,1,20171123,100000,29.155,29.155,29.115,29.125,21700
SNGS,1,20171124,100000,29.18,29.215,29.18,29.19,91800
SNGS,1,20171127,100000,29.37,29.37,29.185,29.185,41700
SNGS,1,20171128,100000,28.9,28.95,28.895,28.945,14200
SNGS,1,20171129,100000,28.93,29.045,28.865,29.045,93100
SNGS,1,20171130,100000,28.2,28.2,28.125,28.155,20300
SNGS,1,20171201,100000,27.505,27.51,27.37,27.4,40200
SNGS,1,20171204,100000,27.695,27.695,27.445,27.675,76700
SNGS,1,20171205,100000,27.415,27.415,27.34,27.34,33500
SNGS,1,20171206,100000,27.28,27.29,27.215,27.265,36800
SNGS,1,20171207,100000,27.905,28.085,27.73,27.775,117600
SNGS,1,20171208,100000,27.79,28.0,27.79,27.805,90700
SNGS,1,20171211,100000,27.595,27.595,27.595,27.595,700
SNGS,1,20171212,100000,28.825,28.88,28.815,28.88,113300
SNGS,1,20171213,100000,28.9,28.92,28.86,28.86,27800
SNGS,1,20171214,100000,29.005,29.195,28.99,29.145,173000
SNGS,1,20171215,100000,29.25,29.255,29.15,29.155,28700
SNGS,1,20171218,100000,29.0,29.04,28.925,29.035,24300
SNGS,1,20171219,100000,28.635,28.76,28.635,28.76,12200
SNGS,1,20171220,100000,28.32,28.4,28.32,28.4,1900
SNGS,1,20171221,100000,28.085,28.09,28.035,28.09,71200
SNGS,1,20171222,100000,28.075,28.185,28.05,28.1,18400
SNGS,1,20171225,100000,28.235,28.235,28.235,28.235,400
SNGS,1,20171226,100000,27.705,27.795,27.615,27.755,5200
SNGS,1,20171227,100000,27.595,27.62,27.52,27.59,5900
SNGS,1,20171228,100000,27.59,27.735,27.55,27.57,40300
SNGS,1,20171229,100000,28.05,28.07,27.89,27.895,41600
SNGS,1,20180103,100000,27.9,27.905,27.86,27.86,11000
SNGS,1,20180104,100000,27.95,28.08,27.95,27.955,75600
SNGS,1,20180105,100000,28.11,28.11,28.11,28.11,1400
SNGS,1,20180109,100000,28.38,28.47,28.2,28.32,86700
SNGS,1,20180110,100000,28.395,28.415,28.325,28.395,36900
SNGS,1,20180111,100000,28.4,28.42,28.34,28.42,15500
SNGS,1,20180115,100000,28.895,28.895,28.755,28.76,112800
SNGS,1,20180116,100000,28.775,28.775,28.75,28.75,28100
SNGS,1,20180117,100000,29.17,29.17,28.845,29.05,181000
SNGS,1,20180118,100000,29.875,29.91,29.805,29.88,28100
SNGS,1,20180119,100000,30.395,30.5,30.36,30.47,105400
SNGS,1,20180122,100000,30.2,30.26,30.085,30.14,42600
SNGS,1,20180123,100000,30.33,30.41,30.33,30.37,128500
SNGS,1,20180124,100000,30.01,30.02,30.01,30.02,3000
SNGS,1,20180125,100000,30.43,30.465,30.365,30.405,94900
SNGS,1,20180126,100000,30.775,30.79,30.735,30.775,13900
SNGS,1,20180129,100000,30.23,30.27,29.805,30.085,288500
SNGS,1,20180130,100000,30.625,30.625,30.41,30.415,57700
SNGS,1,20180131,100000,30.015,30.03,29.965,30.005,14900
SNGS,1,20180201,100000,28.82,28.895,28.82,28.88,53300
SNGS,1,20180202,100000,29.15,29.195,28.985,29.175,92700
SNGS,1,20180205,100000,28.7,28.755,28.68,28.72,22700
SNGS,1,20180206,100000,29.225,29.26,29.075,29.26,244300
SNGS,1,20180207,100000,28.75,28.89,28.74,28.87,83100
SNGS,1,20180208,100000,29.23,29.23,29.105,29.135,165100
SNGS,1,20180209,100000,28.685,28.7,28.665,28.665,147100
SNGS,1,20180212,100000,28.49,28.49,28.405,28.405,46100
SNGS,1,20180213,100000,28.35,28.385,28.27,28.325,74800
SNGS,1,20180214,100000,28.45,28.49,28.37,28.375,63200
SNGS,1,20180215,100000,28.305,28.36,28.3,28.36,62000
SNGS,1,20180216,100000,28.315,28.375,28.305,28.375,52600
SNGS,1,20180219,100000,28.55,28.55,28.55,28.55,400
SNGS,1,20180220,100000,28.345,28.44,28.26,28.37,136200
SNGS,1,20180221,100000,28.35,28.35,28.3,28.305,16800
SNGS,1,20180222,100000,29.055,29.055,28.725,28.885,142100
SNGS,1,20180226,100000,29.375,29.42,29.28,29.375,243700
SNGS,1,20180227,100000,29.6,29.6,29.485,29.535,17500
SNGS,1,20180228,100000,28.935,29.0,28.83,28.895,100900
SNGS,1,20180301,100000,28.505,28.615,28.465,28.615,151100
SNGS,1,20180302,100000,28.435,28.545,28.355,28.54,96600
SNGS,1,20180305,100000,28.29,28.3,28.25,28.27,28900
SNGS,1,20180306,100000,28.69,28.75,28.615,28.625,83700
SNGS,1,20180307,100000,28.455,28.475,28.35,28.415,228300
SNGS,1,20180309,100000,28.185,28.285,28.17,28.225,59800
SNGS,1,20180312,100000,28.65,28.755,28.615,28.705,187500
SNGS,1,20180313,100000,28.98,29.075,28.905,29.07,28500
SNGS,1,20180314,100000,29.275,29.425,29.165,29.42,200300
SNGS,1,20180315,100000,29.155,29.155,29.065,29.105,17200
SNGS,1,20180316,100000,29.2,29.255,29.2,29.205,4500
SNGS,1,20180319,100000,29.28,29.345,29.205,29.26,26100
SNGS,1,20180320,100000,29.095,29.115,29.03,29.08,64900
SNGS,1,20180321,100000,29.175,29.175,29.175,29.175,1000
SNGS,1,20180322,100000,29.13,29.13,29.1,29.125,9300
SNGS,1,20180323,100000,28.65,28.65,28.51,28.57,130100
SNGS,1,20180326,100000,28.85,28.88,28.71,28.785,48200
SNGS,1,20180327,100000,28.305,28.34,28.3,28.325,11400
SNGS,1,20180328,100000,28.3,28.325,28.3,28.32,36500
SNGS,1,20180329,100000,28.55,28.59,28.395,28.435,261900
SNGS,1,20180330,100000,28.615,28.65,28.6,28.6,63000
SNGS,1,20180402,100000,28.48,28.495,28.445,28.49,4600
SNGS,1,20180403,100000,28.565,28.565,28.455,28.565,10900
SNGS,1,20180404,100000,28.19,28.305,28.19,28.3,14400
SNGS,1,20180405,100000,28.59,28.675,28.59,28.645,176100
SNGS,1,20180406,100000,28.885,28.885,28.785,28.785,11300
SNGS,1,20180409,100000,28.875,28.93,28.775,28.775,71600
SNGS,1,20180410,100000,28.0,28.105,27.825,27.92,102000
SNGS,1,20180411,100000,29.085,29.17,29.03,29.035,185000
SNGS,1,20180412,100000,29.605,29.64,28.835,28.995,301300
SNGS,1,20180413,100000,29.585,29.675,29.535,29.55,20000
SNGS,1,20180416,100000,29.09,29.2,29.07,29.2,107600
SNGS,1,20180417,100000,29.23,29.415,29.19,29.33,108900
SNGS,1,20180418,100000,29.225,29.335,29.075,29.2,384800
SNGS,1,20180419,100000,29.55,29.56,29.31,29.41,137700
SNGS,1,20180420,100000,29.24,29.295,29.23,29.23,24400
SNGS,1,20180423,100000,29.255,29.315,29.19,29.215,89700
SNGS,1,20180424,100000,29.16,29.23,29.105,29.135,122600
SNGS,1,20180425,100000,29.1,29.105,29.005,29.015,158700
SNGS,1,20180426,100000,29.02,29.06,28.97,29.025,94400
SNGS,1,20180427,100000,29.86,29.93,29.86,29.9,89600
SNGS,1,20180430,100000,29.63,29.63,29.475,29.575,16500
SNGS,1,20180502,100000,29.49,29.52,29.37,29.4,227400
SNGS,1,20180503,100000,29.375,29.385,29.31,29.31,97300
SNGS,1,20180504,100000,29.355,29.43,29.355,29.43,36700
SNGS,1,20180507,100000,29.58,29.58,29.475,29.52,92000
SNGS,1,20180508,100000,29.305,29.34,29.23,29.23,121300
SNGS,1,20180510,100000,29.75,29.78,29.675,29.715,291300
SNGS,1,20180511,100000,29.45,29.52,29.45,29.51,164900
SNGS,1,20180514,100000,29.68,29.69,29.55,29.56,80000
SNGS,1,20180515,100000,29.91,29.91,29.785,29.805,161900
SNGS,1,20180516,100000,29.87,29.885,29.775,29.8,93300
SNGS,1,20180517,100000,29.815,29.815,29.765,29.81,85000
SNGS,1,20180518,100000,29.735,29.77,29.7,29.735,50300
SNGS,1,20180521,100000,29.79,29.8,29.79,29.79,14400
SNGS,1,20180522,100000,29.555,29.64,29.55,29.59,49600
SNGS,1,20180523,100000,29.745,29.745,29.58,29.59,145500
SNGS,1,20180524,100000,29.44,29.55,29.44,29.54,43100
SNGS,1,20180525,100000,29.17,29.17,29.13,29.165,10100
SNGS,1,20180528,100000,29.09,29.1,29.09,29.1,30100
SNGS,1,20180529,100000,28.885,29.055,28.855,28.995,291700
SNGS,1,20180530,100000,28.405,28.45,28.38,28.445,73800
SNGS,1,20180531,100000,28.6,28.63,28.6,28.63,28300
SNGS,1,20180601,100000,28.5,28.505,28.4,28.455,127800
SNGS,1,20180604,100000,28.88,29.05,28.875,29.05,59600
SNGS,1,20180605,100000,29.315,29.315,29.23,29.25,105400
SNGS,1,20180606,100000,29.095,29.105,29.02,29.07,177100
SNGS,1,20180607,100000,28.895,28.895,28.88,28.89,26000
SNGS,1,20180608,100000,29.25,29.25,29.15,29.155,34500
SNGS,1,20180609,100000,28.48,28.5,28.415,28.5,10300
SNGS,1,20180611,100000,28.61,28.615,28.515,28.515,5400
SNGS,1,20180613,100000,28.775,28.84,28.775,28.835,97800
SNGS,1,20180614,100000,28.8,28.875,28.715,28.715,114900
SNGS,1,20180615,100000,29.075,29.08,28.99,29.005,106500
SNGS,1,20180618,100000,28.3,28.4,28.25,28.29,107400
SNGS,1,20180619,100000,28.46,28.46,28.345,28.345,55200
SNGS,1,20180620,100000,28.71,28.985,28.71,28.89,191400
SNGS,1,20180621,100000,29.32,29.32,29.165,29.22,66500
SNGS,1,20180622,100000,28.935,28.935,28.855,28.875,46200
SNGS,1,20180625,100000,28.385,28.385,28.31,28.33,12500
SNGS,1,20180626,100000,28.445,28.45,28.355,28.39,53000
SNGS,1,20180627,100000,28.51,28.575,28.51,28.525,52700
SNGS,1,20180628,100000,28.38,28.4,28.34,28.345,61200
SNGS,1,20180629,100000,28.38,28.415,28.365,28.405,32800
SNGS,1,20180702,100000,28.445,28.48,28.395,28.48,34700
SNGS,1,20180703,100000,28.53,28.56,28.485,28.505,140900
SNGS,1,20180704,100000,28.22,28.255,28.18,28.21,8000
SNGS,1,20180705,100000,28.07,28.095,27.995,28.095,59300
SNGS,1,20180706,100000,28.365,28.405,28.27,28.365,97800
SNGS,1,20180709,100000,28.51,28.695,28.51,28.695,205500
SNGS,1,20180710,100000,28.95,28.95,28.865,28.95,47600
SNGS,1,20180711,100000,29.2,29.235,29.125,29.125,109000
SNGS,1,20180712,100000,28.815,28.865,28.815,28.83,58700
SNGS,1,20180713,100000,28.52,28.56,28.495,28.495,24000
SNGS,1,20180716,100000,28.78,28.78,28.74,28.77,36900
SNGS,1,20180717,100000,28.985,28.985,28.77,28.79,166200
SNGS,1,20180718,100000,28.2,28.2,28.115,28.145,243100
SNGS,1,20180719,100000,28.49,28.49,28.39,28.39,105000
SNGS,1,20180720,100000,28.705,28.705,28.43,28.555,68700
SNGS,1,20180723,100000,28.42,28.42,28.42,28.42,1000
SNGS,1,20180724,100000,28.315,28.315,28.3,28.305,31500
SNGS,1,20180725,100000,28.22,28.225,28.18,28.225,20900
SNGS,1,20180726,100000,28.33,28.43,28.33,28.43,70300
SNGS,1,20180727,100000,28.53,28.53,28.525,28.53,2200
SNGS,1,20180730,100000,28.6,28.64,28.455,28.515,132700
SNGS,1,20180731,100000,28.85,28.945,28.815,28.82,113600
SNGS,1,20180903,100000,28.74,28.805,28.68,28.68,116900
SNGS,1,20180904,100000,28.765,28.84,28.74,28.835,93500
SNGS,1,20180905,100000,28.535,28.535,28.455,28.51,71900
SNGS,1,20180906,100000,28.05,28.085,28.02,28.05,66200
SNGS,1,20180907,100000,27.835,27.835,27.83,27.835,20100
SNGS,1,20180910,100000,27.725,27.735,27.665,27.735,12600
SNGS,1,20180911,100000,27.685,27.735,27.655,27.705,72100
SNGS,1,20180912,100000,27.875,27.925,27.855,27.855,45300
SNGS,1,20180913,100000,27.745,27.86,27.745,27.84,105800
SNGS,1,20180914,100000,27.585,27.635,27.52,27.58,95700
SNGS,1,20180917,100000,27.5,27.535,27.475,27.485,41900
SNGS,1,20180918,100000,27.605,27.635,27.57,27.61,31900
SNGS,1,20180919,100000,27.6,27.63,27.585,27.63,364500
SNGS,1,20180920,100000,27.56,27.575,27.505,27.505,186400
SNGS,1,20180921,100000,27.685,27.685,27.64,27.64,8200
SNGS,1,20180924,100000,27.31,27.54,27.3,27.52,1001600
SNGS,1,20180925,100000,27.305,27.36,27.295,27.345,23400
SNGS,1,20180926,100000,27.37,27.385,27.35,27.35,41700
SNGS,1,20180927,100000,27.505,27.505,27.435,27.445,10800
SNGS,1,20180928,100000,28.035,28.105,27.99,27.99,111500
SNGS,1,20181001,100000,27.585,27.675,27.56,27.56,53800
SNGS,1,20181002,100000,27.71,27.82,27.71,27.765,2400
SNGS,1,20181003,100000,27.68,27.685,27.58,27.67,30600
SNGS,1,20181004,100000,27.83,27.83,27.75,27.75,76400
SNGS,1,20181005,100000,27.325,27.45,27.28,27.375,34400
SNGS,1,20181008,100000,27.38,27.61,27.38,27.515,219300
SNGS,1,20181009,100000,27.59,27.63,27.58,27.58,82700
SNGS,1,20181010,100000,27.24,27.24,27.23,27.23,9200
SNGS,1,20181011,100000,26.865,26.99,26.79,26.985,317600
SNGS,1,20181012,100000,26.995,27.26,26.945,27.185,284600
SNGS,1,20181015,100000,27.19,27.295,27.165,27.28,67200
SNGS,1,20181016,100000,27.085,27.09,27.065,27.085,21700
SNGS,1,20181017,100000,27.2,27.23,27.18,27.2,43700
SNGS,1,20181018,100000,27.15,27.17,27.15,27.17,1100
SNGS,1,20181019,100000,27.25,27.355,27.23,27.25,102900
SNGS,1,20181022,100000,27.305,27.345,27.28,27.33,14100
SNGS,1,20181023,100000,26.98,26.995,26.945,26.945,19500
SNGS,1,20181024,100000,26.815,26.89,26.805,26.85,32400
SNGS,1,20181025,100000,26.475,26.52,26.45,26.505,209000
SNGS,1,20181026,100000,26.46,26.485,26.455,26.47,35300
SNGS,1,20181029,100000,26.34,26.375,26.34,26.375,2400
SNGS,1,20181030,100000,26.5,26.5,26.37,26.395,21600
SNGS,1,20181031,100000,26.2,26.25,26.18,26.18,107600
SNGS,1,20181203,100000,27.325,27.65,27.325,27.475,474400
SNGS,1,20181204,100000,27.8,27.8,27.74,27.775,21400
SNGS,1,20181205,100000,27.93,27.93,27.755,27.77,320300
SNGS,1,20181206,100000,28.17,28.17,28.015,28.08,180900
SNGS,1,20181207,100000,28.28,28.32,28.28,28.32,32500
SNGS,1,20181210,100000,28.24,28.28,28.15,28.265,36100
SNGS,1,20181211,100000,27.975,27.975,27.925,27.975,20600
SNGS,1,20181212,100000,27.9,27.99,27.9,27.905,5000
SNGS,1,20181213,100000,27.995,28.0,27.995,28.0,24600
SNGS,1,20181214,100000,28.09,28.1,28.06,28.1,12000
SNGS,1,20181217,100000,27.88,28.185,27.88,27.995,49000
SNGS,1,20181218,100000,27.9,27.91,27.78,27.825,66400
SNGS,1,20181219,100000,27.9,27.91,27.8,27.83,64500
SNGS,1,20181220,100000,27.55,27.56,27.405,27.47,419000
SNGS,1,20181221,100000,27.375,27.375,27.33,27.33,22100
SNGS,1,20181224,100000,26.9,26.95,26.875,26.9,77900
SNGS,1,20181225,100000,26.45,26.45,26.06,26.095,264600
SNGS,1,20181226,100000,26.515,26.625,26.515,26.605,36600
SNGS,1,20181227,100000,26.89,26.93,26.78,26.785,189700
SNGS,1,20181228,100000,26.445,26.55,26.41,26.55,59300
SNGS,1,20181229,100000,26.87,26.875,26.855,26.875,5500
SNGS,1,20190103,100000,26.8,26.96,26.565,26.93,167300
SNGS,1,20190104,100000,26.83,26.83,26.785,26.785,1000
SNGS,1,20190108,100000,27.03,27.1,27.03,27.055,41900
SNGS,1,20190109,100000,27.07,27.075,27.01,27.07,12100
SNGS,1,20190110,100000,27.05,27.06,26.97,27.05,20900
SNGS,1,20190111,100000,27.35,27.35,27.31,27.31,22100
SNGS,1,20190114,100000,27.385,27.495,27.385,27.44,44800
SNGS,1,20190115,100000,27.945,27.96,27.885,27.885,33100
SNGS,1,20190116,100000,28.08,28.17,28.08,28.135,130200
SNGS,1,20190117,100000,27.85,27.895,27.845,27.895,35200
SNGS,1,20190118,100000,27.78,27.8,27.725,27.725,83100
SNGS,1,20190121,100000,28.045,28.065,27.975,27.975,28600
SNGS,1,20190122,100000,27.845,27.945,27.79,27.905,107600
SNGS,1,20190123,100000,27.86,27.905,27.835,27.87,10600
SNGS,1,20190124,100000,27.815,27.865,27.78,27.82,70000
SNGS,1,20190125,100000,27.415,27.45,27.405,27.405,49300
SNGS,1,20190128,100000,27.49,27.515,27.375,27.455,59300
SNGS,1,20190129,100000,27.31,27.315,27.275,27.275,6200
SNGS,1,20190130,100000,27.435,27.475,27.385,27.385,22700
SNGS,1,20190131,100000,27.5,27.565,27.485,27.505,96400
SNGS,1,20190201,100000,27.4,27.445,27.4,27.4,45700
SNGS,1,20190204,100000,27.46,27.485,27.43,27.43,25300
SNGS,1,20190205,100000,27.395,27.395,27.38,27.38,46100
SNGS,1,20190206,100000,27.49,27.52,27.475,27.5,35200
SNGS,1,20190207,100000,27.34,27.34,27.235,27.26,107900
SNGS,1,20190208,100000,27.0,27.045,26.96,27.025,68300
SNGS,1,20190211,100000,26.8,26.865,26.8,26.82,26800
SNGS,1,20190212,100000,26.76,26.795,26.75,26.795,20100
SNGS,1,20190213,100000,26.81,26.83,26.81,26.83,14600
SNGS,1,20190214,100000,26.225,26.225,26.115,26.14,377700
SNGS,1,20190215,100000,26.57,26.57,26.51,26.515,44000
SNGS,1,20190218,100000,26.785,26.83,26.755,26.795,26100
SNGS,1,20190219,100000,26.52,26.545,26.495,26.54,10600
SNGS,1,20190220,100000,26.455,26.475,26.435,26.475,30100
SNGS,1,20190221,100000,26.775,26.775,26.665,26.665,35900
SNGS,1,20190225,100000,26.5,26.525,26.47,26.525,62900
SNGS,1,20190226,100000,26.35,26.365,26.32,26.36,136800
SNGS,1,20190227,100000,26.26,26.265,26.175,26.26,34400
SNGS,1,20190228,100000,26.05,26.05,26.0,26.03,8900
SNGS,1,20190301,100000,25.73,25.765,25.72,25.765,85500
SNGS,1,20190304,100000,25.6,25.61,25.565,25.6,53500
SNGS,1,20190305,100000,25.395,25.41,25.32,25.395,109500
SNGS,1,20190306,100000,25.46,25.58,25.46,25.575,197500
SNGS,1,20190307,100000,25.355,25.355,25.355,25.355,3700
SNGS,1,20190311,100000,25.15,25.15,25.075,25.125,266200
SNGS,1,20190312,100000,24.8,24.835,24.78,24.8,57900
SNGS,1,20190313,100000,24.57,24.595,24.535,24.57,101200
SNGS,1,20190314,100000,24.26,24.295,24.25,24.25,15600
SNGS,1,20190315,100000,24.19,24.27,24.175,24.27,109600
SNGS,1,20190318,100000,24.2,24.275,24.2,24.25,91000
SNGS,1,20190319,100000,24.78,24.825,24.78,24.81,154900
SNGS,1,20190320,100000,25.05,25.06,24.965,24.97,138000
SNGS,1,20190321,100000,24.92,24.95,24.915,24.95,64600
SNGS,1,20190322,100000,24.985,24.995,24.92,24.995,16300
SNGS,1,20190325,100000,24.45,24.46,24.39,24.4,207400
SNGS,1,20190326,100000,24.54,24.6,24.535,24.535,81200
SNGS,1,20190327,100000,24.6,24.61,24.57,24.57,97600
SNGS,1,20190328,100000,24.6,24.625,24.595,24.605,17400
SNGS,1,20190329,100000,24.6,24.635,24.6,24.625,4900
SNGS,1,20190401,100000,24.865,24.87,24.82,24.825,36800
SNGS,1,20190402,100000,25.325,25.4,25.32,25.355,94300
SNGS,1,20190403,100000,25.13,25.275,25.13,25.25,94300
SNGS,1,20190404,100000,25.23,25.27,25.185,25.185,52300
SNGS,1,20190405,100000,25.47,25.515,25.465,25.475,5200
SNGS,1,20190408,100000,25.4,25.485,25.4,25.485,35100
SNGS,1,20190409,100000,25.625,25.635,25.56,25.56,112900
SNGS,1,20190410,100000,25.43,25.585,25.43,25.52,84800
SNGS,1,20190411,100000,25.26,25.26,25.23,25.25,106900
SNGS,1,20190412,100000,25.2,25.335,25.2,25.335,88700
SNGS,1,20190415,100000,25.235,25.235,25.18,25.23,187100
SNGS,1,20190416,100000,24.89,24.94,24.89,24.925,89000
SNGS,1,20190417,100000,25.13,25.21,25.13,25.19,184800
SNGS,1,20190418,100000,25.175,25.2,25.105,25.17,50200
SNGS,1,20190419,100000,25.08,25.135,25.04,25.105,122000
SNGS,1,20190422,100000,25.075,25.2,25.075,25.17,133000
SNGS,1,20190423,100000,25.105,25.145,25.065,25.07,33700
SNGS,1,20190424,100000,24.805,24.805,24.72,24.74,145200
SNGS,1,20190425,100000,24.595,24.6,24.585,24.595,8500
SNGS,1,20190426,100000,24.74,24.775,24.74,24.765,50800
SNGS,1,20190429,100000,24.77,24.84,24.76,24.835,110800
SNGS,1,20190430,100000,24.655,24.655,24.625,24.63,32300
SNGS,1,20190502,100000,24.57,24.59,24.555,24.585,37600
SNGS,1,20190503,100000,24.59,24.655,24.59,24.645,59900
SNGS,1,20190506,100000,24.86,24.955,24.855,24.9,62400
SNGS,1,20190507,100000,24.91,24.925,24.865,24.865,19200
SNGS,1,20190508,100000,24.8,24.805,24.77,24.77,69700
SNGS,1,20190510,100000,24.565,24.595,24.53,24.575,107400
SNGS,1,20190513,100000,24.3,24.32,24.3,24.32,154300
SNGS,1,20190514,100000,24.31,24.31,24.24,24.255,34200
SNGS,1,20190515,100000,24.24,24.24,24.15,24.15,54200
SNGS,1,20190516,100000,24.19,24.19,24.125,24.135,20100
SNGS,1,20190517,100000,24.13,24.25,24.13,24.21,66200
SNGS,1,20190520,100000,24.115,24.165,24.115,24.13,97600
SNGS,1,20190521,100000,24.26,24.26,24.17,24.2,16000
SNGS,1,20190522,100000,24.28,24.31,24.245,24.245,77000
SNGS,1,20190523,100000,24.24,24.3,24.225,24.29,178900
SNGS,1,20190524,100000,24.215,24.27,24.215,24.27,7400
SNGS,1,20190527,100000,24.365,24.38,24.34,24.36,56900
SNGS,1,20190528,100000,24.43,24.49,24.395,24.45,395800
SNGS,1,20190529,100000,24.37,24.37,24.13,24.255,1388100
SNGS,1,20190530,100000,24.775,24.84,24.735,24.755,299600
SNGS,1,20190531,100000,24.875,24.935,24.875,24.92,92800
SNGS,1,20190603,100000,24.83,24.83,24.765,24.77,74000
SNGS,1,20190604,100000,25.105,25.115,25.06,25.06,76100
SNGS,1,20190605,100000,25.055,25.13,25.05,25.11,91100
SNGS,1,20190606,100000,25.185,25.185,25.145,25.165,80600
SNGS,1,20190607,100000,25.305,25.35,25.22,25.295,103300
SNGS,1,20190610,100000,25.16,25.22,25.13,25.2,66900
SNGS,1,20190611,100000,25.095,25.125,25.09,25.09,68400
SNGS,1,20190613,100000,25.31,25.32,25.255,25.27,129500
SNGS,1,20190614,100000,25.125,25.16,25.085,25.09,59000
SNGS,1,20190617,100000,25.11,25.14,25.105,25.13,4400
SNGS,1,20190618,100000,25.225,25.285,25.215,25.28,79500
SNGS,1,20190619,100000,25.265,25.39,25.265,25.365,97600
SNGS,1,20190620,100000,25.475,25.475,25.4,25.465,250400
SNGS,1,20190621,100000,25.855,25.92,25.85,25.89,62400
SNGS,1,20190624,100000,25.805,25.835,25.785,25.83,81000
SNGS,1,20190625,100000,25.97,25.985,25.92,25.935,73000
SNGS,1,20190626,100000,25.905,25.955,25.905,25.955,1500
SNGS,1,20190627,100000,26.3,26.45,26.3,26.405,335800
SNGS,1,20190628,100000,26.305,26.34,26.25,26.255,164400
SNGS,1,20190701,100000,26.41,26.51,26.405,26.475,156200
SNGS,1,20190702,100000,26.465,26.47,26.425,26.45,32100
SNGS,1,20190703,100000,26.7,26.715,26.68,26.695,120800
SNGS,1,20190704,100000,26.8,26.84,26.74,26.805,64300
SNGS,1,20190705,100000,26.925,26.925,26.82,26.82,66200
SNGS,1,20190708,100000,26.795,26.85,26.69,26.775,316000
SNGS,1,20190709,100000,26.85,26.9,26.845,26.9,15300
SNGS,1,20190710,100000,27.125,27.165,27.115,27.135,156000
SNGS,1,20190711,100000,27.1,27.19,27.1,27.125,83700
SNGS,1,20190712,100000,26.7,26.705,26.64,26.69,5900
SNGS,1,20190715,100000,26.8,26.8,26.74,26.79,9900
SNGS,1,20190716,100000,26.6,26.775,26.6,26.765,138700
SNGS,1,20190717,100000,26.27,26.29,26.2,26.275,239000
SNGS,1,20190718,100000,26.405,26.435,26.305,26.345,23700
SNGS,1,20190719,100000,26.375,26.4,26.355,26.4,173600
SNGS,1,20190722,100000,26.415,26.43,26.385,26.4,24400
SNGS,1,20190723,100000,26.095,26.14,26.04,26.13,67200
SNGS,1,20190724,100000,26.635,26.635,26.59,26.59,26200
SNGS,1,20190725,100000,26.63,26.63,26.51,26.525,67700
SNGS,1,20190726,100000,26.5,26.535,26.49,26.53,26900
SNGS,1,20190729,100000,26.24,26.425,26.2,26.375,219900
SNGS,1,20190730,100000,26.73,26.81,26.73,26.765,72600
SNGS,1,20190731,100000,26.905,26.905,26.79,26.875,63100
SNGS,1,20190801,100000,26.83,26.835,26.815,26.825,5500
SNGS,1,20190802,100000,26.855,26.895,26.85,26.895,82600
SNGS,1,20190805,100000,26.735,26.785,26.685,26.785,22100
SNGS,1,20190806,100000,26.405,26.485,26.395,26.395,38400
SNGS,1,20190807,100000,26.0,26.045,25.93,25.96,129500
SNGS,1,20190808,100000,26.145,26.195,26.11,26.19,86900
SNGS,1,20190809,100000,26.15,26.17,26.095,26.17,5600
SNGS,1,20190812,100000,26.4,26.55,26.4,26.55,58800
SNGS,1,20190813,100000,26.55,26.61,26.545,26.6,2800
SNGS,1,20190814,100000,26.66,26.66,26.47,26.515,103400
SNGS,1,20190815,100000,26.195,26.205,26.105,26.17,15600
SNGS,1,20190816,100000,25.875,25.875,25.78,25.875,22300
SNGS,1,20190819,100000,25.89,25.895,25.89,25.895,4600
SNGS,1,20190820,100000,25.83,25.84,25.83,25.84,400
SNGS,1,20190821,100000,26.045,26.045,25.83,25.83,136000
SNGS,1,20190822,100000,25.93,25.93,25.865,25.92,1900
SNGS,1,20190823,100000,25.605,25.68,25.605,25.665,25300
SNGS,1,20190826,100000,25.62,25.65,25.47,25.48,182700
SNGS,1,20190827,100000,25.55,25.64,25.55,25.56,26100
SNGS,1,20190828,100000,26.05,26.085,26.025,26.04,163500
SNGS,1,20190829,100000,26.27,26.275,26.195,26.225,35300
SNGS,1,20190830,100000,26.46,26.505,26.45,26.505,63400
SNGS,1,20190902,100000,27.435,27.49,27.25,27.375,624900
SNGS,1,20190903,100000,31.095,31.235,30.88,30.94,3007200
SNGS,1,20190904,100000,35.925,36.48,35.71,36.48,2085500
SNGS,1,20190905,100000,35.405,35.7,34.76,34.975,2605400
SNGS,1,20190906,100000,33.275,33.34,32.7,32.725,1967500
SNGS,1,20190909,100000,33.31,33.505,33.225,33.5,929100
SNGS,1,20190910,100000,33.135,33.31,32.87,33.21,667900
SNGS,1,20190911,100000,33.775,33.775,33.58,33.675,237800
SNGS,1,20190912,100000,36.055,36.2,35.905,36.18,1574000
SNGS,1,20190913,100000,36.35,36.38,36.155,36.155,482000
SNGS,1,20190916,100000,38.0,38.4,37.855,38.27,2588500
SNGS,1,20190917,100000,37.61,37.705,37.575,37.625,123900
SNGS,1,20190918,100000,36.505,36.58,36.4,36.58,277900
SNGS,1,20190919,100000,35.485,35.52,35.39,35.52,99900
SNGS,1,20190920,100000,35.635,35.65,35.5,35.59,414200
SNGS,1,20190923,100000,35.495,35.55,35.315,35.385,229700
SNGS,1,20190924,100000,35.655,35.79,35.655,35.755,144100
SNGS,1,20190925,100000,34.94,34.94,34.755,34.815,152600
SNGS,1,20190926,100000,34.485,34.485,34.3,34.315,118100
SNGS,1,20190927,100000,34.72,34.845,34.655,34.775,147900
SNGS,1,20190930,100000,34.95,35.08,34.86,34.89,57800
SNGS,1,20191001,100000,35.535,35.54,35.425,35.54,168700
SNGS,1,20191002,100000,35.975,35.99,35.875,35.93,248200
SNGS,1,20191003,100000,35.05,35.14,34.94,35.035,152700
SNGS,1,20191004,100000,35.745,35.795,35.6,35.715,358400
SNGS,1,20191007,100000,35.39,35.52,35.29,35.325,98900
SNGS,1,20191008,100000,36.045,36.19,36.0,36.05,261100
SNGS,1,20191009,100000,36.06,36.2,36.06,36.18,102600
SNGS,1,20191010,100000,36.405,36.465,36.38,36.38,69700
SNGS,1,20191011,100000,36.55,36.655,36.46,36.505,154200
SNGS,1,20191014,100000,36.795,36.885,36.675,36.725,181900
SNGS,1,20191015,100000,36.27,36.27,36.11,36.11,41800
SNGS,1,20191016,100000,35.91,35.995,35.875,35.95,111200
SNGS,1,20191017,100000,36.605,36.73,36.54,36.585,615000
SNGS,1,20191018,100000,36.2,36.29,36.155,36.205,40700
SNGS,1,20191021,100000,36.2,36.2,35.92,36.08,263500
SNGS,1,20191022,100000,35.965,36.085,35.965,36.085,16700
SNGS,1,20191023,100000,36.625,36.625,36.5,36.515,285900
SNGS,1,20191024,100000,40.52,40.595,40.0,40.395,1500700
SNGS,1,20191025,100000,43.76,44.15,43.75,43.765,3524500
SNGS,1,20191028,100000,46.2,48.8,46.0,48.295,6023500
SNGS,1,20191029,100000,44.5,45.345,44.0,45.26,2557700
SNGS,1,20191030,100000,44.35,44.385,44.21,44.31,151100
SNGS,1,20191031,100000,43.305,43.405,43.01,43.25,333300
SNGS,1,20191101,100000,43.02,43.285,43.02,43.15,292700
SNGS,1,20191105,100000,47.11,47.835,47.105,47.8,2746300
SNGS,1,20191106,100000,45.965,46.105,45.925,46.035,109900
SNGS,1,20191107,100000,46.175,46.175,45.905,45.905,189100
SNGS,1,20191108,100000,47.3,47.34,47.105,47.105,228900
SNGS,1,20191111,100000,46.55,46.745,46.295,46.605,471400
SNGS,1,20191112,100000,48.745,48.75,48.365,48.55,1373400
SNGS,1,20191113,100000,47.805,47.805,47.505,47.515,362900
SNGS,1,20191114,100000,47.79,48.145,47.705,48.015,318100
SNGS,1,20191115,100000,47.565,47.66,47.415,47.455,326800
SNGS,1,20191118,100000,46.6,46.9,46.6,46.82,175800
SNGS,1,20191119,100000,46.35,46.495,46.13,46.46,169600
SNGS,1,20191120,100000,46.6,46.625,46.42,46.615,148500
SNGS,1,20191121,100000,46.33,46.43,46.245,46.385,292700
SNGS,1,20191122,100000,45.875,46.105,45.675,45.785,319100
SNGS,1,20191125,100000,46.755,46.77,46.645,46.705,134700
SNGS,1,20191126,100000,46.295,46.365,46.2,46.285,148200
SNGS,1,20191127,100000,44.935,44.99,44.845,44.915,174300
SNGS,1,20191128,100000,44.4,44.595,44.4,44.57,72200
SNGS,1,20191129,100000,43.59,43.775,43.55,43.65,94400
SNGS,1,20191202,100000,44.035,44.215,43.85,44.105,293600
SNGS,1,20191203,100000,43.25,43.34,42.955,43.005,691500
SNGS,1,20191204,100000,42.61,42.69,42.61,42.62,42900
SNGS,1,20191205,100000,43.85,44.17,43.85,44.03,397300
SNGS,1,20191206,100000,43.345,43.35,43.21,43.28,99200
SNGS,1,20191209,100000,43.36,43.48,43.265,43.4,193100
SNGS,1,20191210,100000,43.905,43.92,43.565,43.75,492200
SNGS,1,20191211,100000,43.34,43.56,43.34,43.475,199100
SNGS,1,20191212,100000,45.335,45.79,45.3,45.675,2570200
SNGS,1,20191213,100000,48.48,48.89,48.25,48.845,1887600
SNGS,1,20191216,100000,47.625,47.9,47.6,47.885,401400
SNGS,1,20191217,100000,48.19,48.6,48.07,48.43,1569000
SNGS,1,20191218,100000,48.39,48.395,47.9,48.15,384100
SNGS,1,20191219,100000,48.23,48.385,48.08,48.225,387300
SNGS,1,20191220,100000,48.165,48.26,48.1,48.23,115900
SNGS,1,20191223,100000,48.18,48.39,48.18,48.34,367200
SNGS,1,20191224,100000,51.955,52.19,51.85,52.175,4209900
SNGS,1,20191225,100000,52.27,52.34,52.095,52.3,277300
SNGS,1,20191226,100000,51.01,51.18,50.9,51.08,815100
SNGS,1,20191227,100000,51.1,51.425,51.1,51.41,223100
SNGS,1,20191230,100000,50.945,51.05,50.93,50.965,96400
SNGS,1,20200103,100000,50.59,50.89,50.56,50.84,313100
SNGS,1,20200106,100000,51.015,51.375,51.015,51.21,233400
SNGS,1,20200108,100000,52.2,52.28,52.14,52.15,226100
SNGS,1,20200109,100000,52.125,52.15,51.93,52.125,100300
SNGS,1,20200110,100000,53.74,53.8,53.545,53.68,415100
SNGS,1,20200113,100000,54.005,54.15,54.005,54.035,49500
SNGS,1,20200114,100000,53.855,53.995,53.855,53.995,80800
SNGS,1,20200115,100000,53.77,53.84,53.715,53.765,59200
SNGS,1,20200116,100000,53.355,53.405,53.32,53.405,161900
SNGS,1,20200117,100000,53.07,53.195,53.06,53.15,144800
SNGS,1,20200120,100000,53.9,54.15,53.865,54.105,108900
SNGS,1,20200121,100000,54.0,54.11,53.925,54.0,164800
SNGS,1,20200122,100000,52.005,52.4,52.0,52.325,267400
SNGS,1,20200123,100000,49.18,49.2,47.955,48.3,3739500
SNGS,1,20200124,100000,47.935,48.165,47.93,48.165,627100
SNGS,1,20200127,100000,47.2,47.47,46.13,46.66,1582900
SNGS,1,20200128,100000,46.76,47.5,46.75,47.05,631800
SNGS,1,20200129,100000,47.84,47.89,47.7,47.89,1050900
SNGS,1,20200130,100000,47.635,47.695,47.115,47.365,564100
SNGS,1,20200131,100000,48.2,48.345,48.135,48.2,221600
SNGS,1,20200203,100000,45.925,45.94,45.725,45.81,497200
SNGS,1,20200204,100000,44.605,44.81,44.46,44.65,505600
SNGS,1,20200205,100000,46.845,46.85,46.705,46.71,368500
SNGS,1,20200206,100000,47.245,47.715,47.245,47.555,1011200
SNGS,1,20200207,100000,46.95,47.135,46.81,46.89,222400
SNGS,1,20200210,100000,46.2,46.345,46.055,46.27,281800
SNGS,1,20200211,100000,46.615,46.875,46.6,46.8,1021700
SNGS,1,20200212,100000,48.035,48.305,48.02,48.29,489600
SNGS,1,20200213,100000,48.75,48.8,48.5,48.625,524600
SNGS,1,20200214,100000,48.4,48.78,48.4,48.605,323200
SNGS,1,20200217,100000,48.41,48.545,48.32,48.52,284500
SNGS,1,20200218,100000,48.295,48.41,48.14,48.33,510900
SNGS,1,20200219,100000,47.0,47.38,46.94,47.285,771900
SNGS,1,20200220,100000,47.61,47.675,47.39,47.49,1191900
SNGS,1,20200221,100000,46.94,46.955,46.75,46.815,269800
SNGS,1,20200225,100000,45.975,46.3,45.66,46.165,1148600
SNGS,1,20200226,100000,44.435,44.475,44.135,44.2,588500
SNGS,1,20200227,100000,43.13,43.245,40.205,42.55,3157500
SNGS,1,20200228,100000,37.975,38.4,37.39,37.63,3980000
SNGS,1,20200302,100000,39.83,40.9,39.655,40.135,1920900
SNGS,1,20200303,100000,39.825,40.175,39.695,39.765,1038300
SNGS,1,20200304,100000,38.57,38.69,38.18,38.4,842000
SNGS,1,20200305,100000,38.76,38.82,38.565,38.695,771400
SNGS,1,20200306,100000,36.865,36.895,36.69,36.795,1155100
SNGS,1,20200310,100000,32.115,32.115,30.0,30.5,1590300
SNGS,1,20200311,100000,31.65,31.755,31.5,31.55,1004000
SNGS,1,20200312,100000,30.1,30.1,29.505,29.825,1570200
SNGS,1,20200313,100000,29.535,30.1,29.52,30.08,806100
SNGS,1,20200316,100000,28.0,28.0,26.415,26.505,1242900
SNGS,1,20200317,100000,26.2,26.475,26.2,26.415,603300
SNGS,1,20200318,100000,25.8,26.25,25.8,25.97,1346200
SNGS,1,20200319,100000,25.0,25.4,25.0,25.38,534900
SNGS,1,20200320,100000,27.775,28.5,27.635,28.5,1309000
SNGS,1,20200323,100000,25.805,25.845,25.06,25.345,1288000
SNGS,1,20200324,100000,27.235,27.955,27.235,27.905,1784000
SNGS,1,20200325,100000,28.6,29.3,28.6,29.04,1550900
SNGS,1,20200326,100000,29.5,29.63,29.21,29.265,760400
SNGS,1,20200327,100000,32.68,33.285,32.65,33.28,2509000
SNGS,1,20200330,100000,30.305,30.69,29.71,30.22,1822400
SNGS,1,20200331,100000,32.3,32.495,32.2,32.4,1032600
SNGS,1,20200401,100000,33.37,33.445,32.91,32.93,3519400
SNGS,1,20200402,100000,36.15,36.77,36.1,36.645,3328000
SNGS,1,20200403,100000,35.9,35.995,35.45,35.79,1504700
SNGS,1,20200406,100000,37.29,37.3,36.7,37.0,861900
SNGS,1,20200407,100000,37.62,38.14,37.62,38.095,1390600
SNGS,1,20200408,100000,36.895,36.895,35.08,36.29,4813900
SNGS,1,20200409,100000,37.515,38.08,37.5,37.63,2193400
SNGS,1,20200410,100000,37.42,37.475,36.63,36.88,1512000
SNGS,1,20200413,100000,36.98,37.05,36.825,36.895,221500
SNGS,1,20200414,100000,36.105,36.69,36.105,36.39,1847500
SNGS,1,20200415,100000,35.13,35.24,35.08,35.21,411200
SNGS,1,20200416,100000,33.9,33.92,33.605,33.745,1204000
SNGS,1,20200417,100000,34.715,34.755,34.55,34.69,873900
SNGS,1,20200420,100000,33.5,33.97,33.415,33.97,853400
SNGS,1,20200421,100000,33.15,33.245,33.0,33.235,855900
SNGS,1,20200422,100000,33.285,33.33,33.2,33.265,490400
SNGS,1,20200423,100000,36.38,36.475,36.04,36.195,1114600
SNGS,1,20200424,100000,35.7,35.735,35.545,35.55,296900
SNGS,1,20200427,100000,35.085,35.305,35.005,35.3,261500
SNGS,1,20200428,100000,35.02,35.2,35.005,35.065,409000
SNGS,1,20200429,100000,36.99,37.06,36.885,36.985,604100
SNGS,1,20200430,100000,37.945,37.95,37.7,37.845,745700
SNGS,1,20200504,100000,36.6,36.625,36.185,36.265,1197800
SNGS,1,20200505,100000,36.955,37.11,36.91,36.955,342100
SNGS,1,20200506,100000,37.03,37.06,36.86,36.875,167800
SNGS,1,20200507,100000,35.925,35.97,35.84,35.925,221600
SNGS,1,20200508,100000,36.68,36.785,36.58,36.64,197900
SNGS,1,20200512,100000,37.08,37.295,36.9,37.165,848100
SNGS,1,20200513,100000,37.0,37.005,36.84,36.97,675100
SNGS,1,20200514,100000,36.18,36.275,36.035,36.175,425500
SNGS,1,20200515,100000,39.605,39.88,39.5,39.75,2474700
SNGS,1,20200518,100000,40.74,40.9,40.64,40.895,2221000
SNGS,1,20200519,100000,40.9,40.95,40.71,40.88,543300
SNGS,1,20200520,100000,39.8,39.89,39.56,39.62,959100
SNGS,1,20200521,100000,40.865,40.885,40.75,40.76,218100
SNGS,1,20200522,100000,38.725,38.835,38.52,38.65,1032500
SNGS,1,20200525,100000,39.885,40.42,39.855,40.35,685000
SNGS,1,20200526,100000,42.295,42.47,42.02,42.47,1556800
SNGS,1,20200527,100000,41.495,41.505,41.205,41.295,884400
SNGS,1,20200528,100000,40.675,40.68,40.275,40.485,978600
SNGS,1,20200529,100000,40.31,40.31,40.05,40.25,566900
SNGS,1,20200601,100000,40.14,40.48,40.14,40.325,1166900
SNGS,1,20200602,100000,40.125,40.35,40.125,40.29,478300
SNGS,1,20200603,100000,40.485,40.58,40.36,40.475,844200
SNGS,1,20200604,100000,39.845,39.85,39.68,39.705,567400
SNGS,1,20200605,100000,40.05,40.235,40.03,40.115,777700
SNGS,1,20200608,100000,40.355,40.395,40.11,40.35,363500
SNGS,1,20200609,100000,40.4,40.775,40.37,40.61,708300
SNGS,1,20200610,100000,40.54,40.67,40.505,40.53,172200
SNGS,1,20200611,100000,40.7,40.9,40.385,40.45,1468300
SNGS,1,20200615,100000,39.37,39.37,38.38,38.525,1860600
SNGS,1,20200616,100000,39.555,39.9,39.555,39.83,549700
SNGS,1,20200617,100000,40.315,40.385,40.11,40.14,148600
SNGS,1,20200618,100000,39.305,39.335,38.97,39.095,536900
SNGS,1,20200619,100000,38.675,38.805,38.675,38.74,378100
SNGS,1,20200622,100000,38.995,38.995,38.525,38.62,611900
SNGS,1,20200623,100000,39.3,39.385,39.26,39.28,68800
SNGS,1,20200625,100000,38.955,39.085,38.885,38.91,1117300
SNGS,1,20200626,100000,39.14,39.215,39.04,39.08,109700
SNGS,1,20200629,100000,38.2,38.35,38.2,38.325,104600
SNGS,1,20200630,100000,38.58,38.595,38.5,38.51,171100
SNGS,1,20200702,100000,38.67,38.735,38.66,38.68,258100
SNGS,1,20200703,100000,38.78,38.79,38.73,38.76,23400
SNGS,1,20200706,100000,38.72,39.005,38.72,38.99,771500
SNGS,1,20200707,100000,38.8,38.87,38.565,38.8,353300
SNGS,1,20200708,100000,39.755,39.96,39.75,39.875,321000
SNGS,1,20200709,100000,38.99,39.155,38.95,39.09,140900
SNGS,1,20200710,100000,38.26,38.42,38.23,38.35,403500
SNGS,1,20200713,100000,38.65,38.915,38.65,38.825,496700
SNGS,1,20200714,100000,37.94,38.005,37.815,37.9,200200
SNGS,1,20200715,100000,37.64,37.7,37.52,37.57,293000
SNGS,1,20200716,100000,36.925,37.24,36.895,37.08,355800
SNGS,1,20200717,100000,36.305,36.44,36.265,36.425,681800
SNGS,1,20200720,100000,36.73,36.81,36.655,36.705,183500
SNGS,1,20200721,100000,37.25,37.34,37.215,37.3,197500
SNGS,1,20200722,100000,37.5,37.535,37.42,37.505,110900
SNGS,1,20200723,100000,37.7,37.785,37.695,37.72,55600
SNGS,1,20200724,100000,37.25,37.25,37.005,37.065,269900
SNGS,1,20200727,100000,38.255,38.255,38.08,38.105,184500
SNGS,1,20200728,100000,37.895,37.935,37.875,37.9,171900
SNGS,1,20200729,100000,37.21,37.21,37.07,37.1,78400
SNGS,1,20200730,100000,37.33,37.465,37.3,37.43,462200
SNGS,1,20200731,100000,37.265,37.36,37.25,37.35,112700
SNGS,1,20200803,100000,37.255,37.27,37.14,37.18,574200
SNGS,1,20200804,100000,37.15,37.15,37.015,37.055,169500
SNGS,1,20200805,100000,36.76,36.87,36.755,36.815,269700
SNGS,1,20200806,100000,37.435,37.545,37.435,37.455,93600
SNGS,1,20200807,100000,37.27,37.3,37.215,37.23,236300
SNGS,1,20200810,100000,37.265,37.385,37.26,37.375,122700
SNGS,1,20200811,100000,37.335,37.685,37.33,37.595,267700
SNGS,1,20200812,100000,37.765,37.975,37.765,37.965,206700
SNGS,1,20200813,100000,38.665,38.7,38.55,38.58,94500
SNGS,1,20200814,100000,38.75,38.88,38.735,38.79,136700
SNGS,1,20200817,100000,38.675,38.8,38.55,38.715,589100
SNGS,1,20200818,100000,38.33,38.36,38.25,38.31,80700
SNGS,1,20200819,100000,37.82,37.86,37.795,37.855,17500
SNGS,1,20200820,100000,38.04,38.065,37.96,38.01,80900
SNGS,1,20200821,100000,37.285,37.39,37.285,37.36,328500
SNGS,1,20200824,100000,37.2,37.2,37.02,37.095,86800
SNGS,1,20200825,100000,37.73,37.8,37.635,37.755,262200
SNGS,1,20200826,100000,37.255,37.285,37.21,37.23,132400
SNGS,1,20200827,100000,38.505,38.535,38.44,38.48,81500
SNGS,1,20200828,100000,37.725,37.865,37.68,37.815,153800
SNGS,1,20200831,100000,37.28,37.34,37.26,37.3,93900
SNGS,1,20200901,100000,36.71,36.86,36.705,36.74,156500
SNGS,1,20200902,100000,36.95,37.075,36.95,36.995,80100
SNGS,1,20200903,100000,35.765,35.975,35.755,35.87,131900
SNGS,1,20200904,100000,35.41,35.6,35.365,35.52,240600
SNGS,1,20200907,100000,35.19,35.235,35.15,35.21,59600
SNGS,1,20200908,100000,35.26,35.295,35.21,35.21,40500
SNGS,1,20200909,100000,34.565,34.565,34.415,34.53,127900
SNGS,1,20200910,100000,35.11,35.165,35.05,35.095,22800
SNGS,1,20200911,100000,34.69,34.765,34.69,34.7,30400
SNGS,1,20200914,100000,35.15,35.29,35.145,35.26,131800
SNGS,1,20200915,100000,36.1,36.165,35.955,36.01,567600
SNGS,1,20200916,100000,36.92,37.005,36.895,36.92,295100
SNGS,1,20200917,100000,36.415,36.555,36.315,36.39,357000
SNGS,1,20200918,100000,36.5,36.69,36.48,36.66,43800
SNGS,1,20200921,100000,36.17,36.19,36.05,36.07,87100
SNGS,1,20200922,100000,35.3,35.425,35.3,35.37,88900
SNGS,1,20200923,100000,35.41,35.545,35.41,35.495,53100
SNGS,1,20200924,100000,34.92,34.93,34.825,34.835,150500
SNGS,1,20200925,100000,35.105,35.11,35.04,35.05,66200
SNGS,1,20200928,100000,34.81,34.87,34.655,34.81,94300
SNGS,1,20200929,100000,35.125,35.165,35.055,35.08,166400
SNGS,1,20200930,100000,35.3,35.3,35.17,35.245,59300
SNGS,1,20201001,100000,34.835,34.845,34.735,34.845,135000
SNGS,1,20201002,100000,35.15,35.265,35.115,35.175,175500
SNGS,1,20201005,100000,35.24,35.345,35.24,35.285,151000
SNGS,1,20201006,100000,35.95,36.05,35.95,36.01,216700
SNGS,1,20201007,100000,35.9,35.98,35.89,35.94,72700
SNGS,1,20201008,100000,35.42,35.44,35.355,35.375,58700
SNGS,1,20201009,100000,35.185,35.235,35.11,35.235,137400
SNGS,1,20201012,100000,34.585,34.615,34.53,34.6,32800
SNGS,1,20201013,100000,34.6,34.61,34.52,34.61,25300
SNGS,1,20201014,100000,34.165,34.245,34.16,34.24,56200
SNGS,1,20201015,100000,34.275,34.335,34.25,34.335,165000
SNGS,1,20201016,100000,33.73,33.8,33.655,33.73,78600
SNGS,1,20201019,100000,33.795,34.06,33.795,33.905,116500
SNGS,1,20201020,100000,34.0,34.135,33.935,34.035,98900
SNGS,1,20201021,100000,34.085,34.155,34.075,34.115,69300
SNGS,1,20201022,100000,33.595,33.645,33.585,33.64,18800
SNGS,1,20201023,100000,33.645,33.87,33.645,33.735,177300
SNGS,1,20201026,100000,33.965,33.97,33.9,33.925,60700
SNGS,1,20201027,100000,34.105,34.195,34.105,34.16,102700
SNGS,1,20201028,100000,33.975,33.975,33.72,33.82,339300
SNGS,1,20201029,100000,32.34,32.47,32.34,32.45,56000
SNGS,1,20201030,100000,33.06,33.245,32.955,32.955,442800
SNGS,1,20201102,100000,32.775,32.8,32.585,32.61,189700
SNGS,1,20201103,100000,33.955,34.15,33.955,34.1,207700
SNGS,1,20201105,100000,34.9,35.145,34.885,35.105,797600
SNGS,1,20201106,100000,35.68,35.77,35.61,35.67,237800
SNGS,1,20201109,100000,35.895,36.0,35.715,35.84,422100
SNGS,1,20201110,100000,36.75,36.795,36.615,36.655,168500
SNGS,1,20201111,100000,36.9,37.06,36.87,37.05,336100
SNGS,1,20201112,100000,36.485,36.55,36.27,36.465,561500
SNGS,1,20201113,100000,35.82,35.835,35.675,35.76,201000
SNGS,1,20201116,100000,36.175,36.18,36.05,36.125,314900
SNGS,1,20201117,100000,37.745,37.96,37.715,37.75,531200
SNGS,1,20201118,100000,36.98,37.11,36.9,36.9,226000
SNGS,1,20201119,100000,37.14,37.14,36.96,37.0,203100
SNGS,1,20201120,100000,36.825,36.825,36.725,36.81,112400
SNGS,1,20201123,100000,36.67,36.8,36.65,36.73,174600
SNGS,1,20201124,100000,37.31,37.47,37.275,37.375,391600
SNGS,1,20201125,100000,37.165,37.25,37.14,37.18,123500
SNGS,1,20201126,100000,37.48,37.585,37.48,37.55,903600
SNGS,1,20201127,100000,36.975,37.04,36.93,36.96,101400
SNGS,1,20201130,100000,36.745,36.75,36.615,36.67,192200
SNGS,1,20201201,100000,35.545,35.62,35.38,35.46,771100
SNGS,1,20201202,100000,35.25,35.3,35.195,35.29,172200
SNGS,1,20201203,100000,35.78,35.905,35.77,35.815,353100
SNGS,1,20201204,100000,35.55,35.605,35.5,35.595,317600
SNGS,1,20201207,100000,35.375,35.685,35.365,35.485,647800
SNGS,1,20201208,100000,35.12,35.15,35.05,35.065,322300
SNGS,1,20201209,100000,34.695,34.785,34.67,34.755,32100
SNGS,1,20201210,100000,34.8,34.85,34.775,34.815,74100
SNGS,1,20201211,100000,35.585,35.64,35.565,35.635,99100
SNGS,1,20201214,100000,35.72,35.795,35.67,35.795,201700
SNGS,1,20201215,100000,35.5,35.505,35.32,35.375,178000
SNGS,1,20201216,100000,35.16,35.225,35.085,35.09,54100
SNGS,1,20201217,100000,35.48,35.57,35.42,35.42,228200
SNGS,1,20201218,100000,35.035,35.085,35.035,35.04,77100
SNGS,1,20201221,100000,34.99,35.07,34.9,34.98,1698900
SNGS,1,20201222,100000,34.33,34.365,34.22,34.315,342600
SNGS,1,20201223,100000,34.895,34.9,34.77,34.9,128100
SNGS,1,20201224,100000,34.95,35.025,34.935,35.0,21100
SNGS,1,20201225,100000,34.99,35.0,34.91,35.0,45900
SNGS,1,20201228,100000,35.05,35.17,35.05,35.135,540600
SNGS,1,20201229,100000,35.49,35.515,35.47,35.495,40600
SNGS,1,20201230,100000,35.82,35.885,35.775,35.845,180700
SNGS,1,20210104,100000,35.95,36.055,35.87,36.05,369100
SNGS,1,20210105,100000,36.16,36.165,36.01,36.06,207500
SNGS,1,20210106,100000,36.805,36.9,36.75,36.815,296300
SNGS,1,20210108,100000,36.85,37.3,36.85,37.28,1047600
SNGS,1,20210111,100000,37.495,37.5,37.305,37.34,215500
SNGS,1,20210112,100000,37.805,37.805,37.655,37.7,194000
SNGS,1,20210113,100000,37.705,37.85,37.705,37.8,212500
SNGS,1,20210114,100000,37.14,37.275,37.105,37.21,127100
SNGS,1,20210115,100000,37.39,37.455,37.325,37.41,97000
SNGS,1,20210118,100000,36.55,36.55,36.41,36.495,185500
SNGS,1,20210119,100000,36.105,36.325,36.105,36.285,148100
SNGS,1,20210120,100000,36.075,36.17,36.035,36.045,128800
SNGS,1,20210121,100000,36.0,36.07,36.0,36.02,28900
SNGS,1,20210122,100000,34.66,34.715,34.55,34.7,663100
SNGS,1,20210125,100000,35.04,35.12,35.04,35.065,114200
SNGS,1,20210126,100000,34.97,34.99,34.87,34.94,96600
SNGS,1,20210127,100000,35.07,35.095,34.945,35.0,159400
SNGS,1,20210128,100000,34.185,34.26,34.145,34.235,201000
SNGS,1,20210129,100000,34.22,34.235,34.15,34.18,90600
SNGS,1,20210201,100000,33.6,33.635,33.45,33.485,541900
SNGS,1,20210202,100000,34.085,34.18,34.08,34.17,233500
SNGS,1,20210203,100000,34.3,34.35,34.255,34.255,84500
SNGS,1,20210204,100000,34.27,34.3,34.25,34.295,175700
SNGS,1,20210205,100000,34.0,34.065,33.92,33.935,250600
SNGS,1,20210208,100000,34.01,34.055,34.0,34.02,184500
SNGS,1,20210209,100000,34.65,34.7,34.6,34.7,249600
SNGS,1,20210210,100000,34.075,34.115,34.03,34.03,102500
SNGS,1,20210211,100000,33.77,33.84,33.735,33.77,182300
SNGS,1,20210212,100000,33.695,33.735,33.655,33.695,34800
SNGS,1,20210215,100000,34.01,34.095,33.975,34.07,625800
SNGS,1,20210216,100000,34.17,34.215,34.11,34.11,460900
SNGS,1,20210217,100000,33.97,33.98,33.89,33.93,111900
SNGS,1,20210218,100000,34.335,34.345,34.26,34.26,162500
SNGS,1,20210219,100000,33.445,33.46,33.38,33.45,217600
SNGS,1,20210222,100000,33.86,33.92,33.845,33.91,38300
SNGS,1,20210224,100000,33.81,33.92,33.72,33.87,289300
SNGS,1,20210225,100000,33.89,33.935,33.87,33.93,98500
SNGS,1,20210226,100000,33.43,33.51,33.4,33.51,216200
SNGS,1,20210301,100000,32.73,32.76,32.595,32.61,359500
SNGS,1,20210302,100000,32.49,32.495,32.385,32.415,213400
SNGS,1,20210303,100000,33.47,33.49,33.425,33.485,294800
SNGS,1,20210304,100000,33.675,33.675,33.61,33.63,89300
SNGS,1,20210305,100000,33.695,33.7,33.62,33.62,75700
SNGS,1,20210309,100000,34.915,35.1,34.87,35.085,617400
SNGS,1,20210310,100000,36.075,36.075,35.645,35.93,1025500
SNGS,1,20210311,100000,35.62,35.725,35.61,35.68,135100
SNGS,1,20210312,100000,35.68,35.75,35.67,35.69,130700
SNGS,1,20210315,100000,36.325,36.41,36.3,36.4,214900
SNGS,1,20210316,100000,35.965,36.06,35.965,36.005,35000
SNGS,1,20210317,100000,36.05,36.05,35.93,36.01,139500
SNGS,1,20210318,100000,34.97,35.03,34.93,35.0,102500
SNGS,1,20210319,100000,34.075,34.075,34.005,34.04,80900
SNGS,1,20210322,100000,34.45,34.46,34.37,34.38,108000
SNGS,1,20210323,100000,34.055,34.155,34.05,34.155,151700
SNGS,1,20210324,100000,34.35,34.35,34.27,34.305,78900
SNGS,1,20210325,100000,34.46,34.49,34.37,34.37,108600
SNGS,1,20210326,100000,34.28,34.34,34.28,34.315,36700
SNGS,1,20210329,100000,35.11,35.245,35.06,35.1,349300
SNGS,1,20210330,100000,34.85,34.88,34.825,34.86,126100
SNGS,1,20210331,100000,34.645,34.645,34.6,34.635,10200
SNGS,1,20210401,100000,34.685,34.86,34.65,34.76,175400
SNGS,1,20210402,100000,36.17,36.345,36.06,36.265,734600
SNGS,1,20210405,100000,36.995,37.345,36.9,37.265,1070800
SNGS,1,20210406,100000,35.87,35.99,35.87,35.935,124300
SNGS,1,20210407,100000,34.795,34.95,34.725,34.83,368000
SNGS,1,20210408,100000,35.165,35.195,35.055,35.105,253000
SNGS,1,20210409,100000,34.595,34.595,34.535,34.535,12400
SNGS,1,20210412,100000,34.205,34.215,34.115,34.14,106800
SNGS,1,20210413,100000,34.715,34.735,34.64,34.73,92200
SNGS,1,20210414,100000,34.745,34.945,34.74,34.89,440200
SNGS,1,20210415,100000,34.97,34.97,34.795,34.955,687100
SNGS,1,20210416,100000,35.545,35.59,35.51,35.59,107800
SNGS,1,20210419,100000,35.39,35.39,35.31,35.33,27400
SNGS,1,20210420,100000,35.045,35.12,35.02,35.095,157100
SNGS,1,20210421,100000,35.185,35.235,35.18,35.2,20000
SNGS,1,20210422,100000,35.16,35.17,35.14,35.17,32200
SNGS,1,20210423,100000,35.47,35.485,35.41,35.465,67200
SNGS,1,20210426,100000,35.55,35.66,35.52,35.54,203700
SNGS,1,20210427,100000,35.095,35.175,35.095,35.165,32800
SNGS,1,20210428,100000,35.05,35.085,35.005,35.025,61600
SNGS,1,20210429,100000,34.65,34.715,34.65,34.65,149500
SNGS,1,20210430,100000,34.37,34.37,34.31,34.31,15000
SNGS,1,20210504,100000,34.125,34.28,34.125,34.245,105500
SNGS,1,20210505,100000,34.525,34.645,34.52,34.6,111000
SNGS,1,20210506,100000,35.78,35.78,35.67,35.67,84900
SNGS,1,20210507,100000,35.37,35.44,35.355,35.44,113800
SNGS,1,20210510,100000,35.655,35.68,35.615,35.645,29600
SNGS,1,20210511,100000,35.35,35.35,35.255,35.3,176400
SNGS,1,20210512,100000,35.65,35.71,35.625,35.71,73000
SNGS,1,20210513,100000,35.6,35.63,35.535,35.6,63200
SNGS,1,20210514,100000,35.675,35.72,35.65,35.705,103800
SNGS,1,20210517,100000,35.68,35.73,35.615,35.655,101000
SNGS,1,20210518,100000,37.1,37.115,37.015,37.075,372500
SNGS,1,20210519,100000,36.365,36.365,36.255,36.305,225100
SNGS,1,20210520,100000,36.84,36.88,36.815,36.835,91500
SNGS,1,20210521,100000,35.915,36.0,35.83,35.87,186600
SNGS,1,20210524,100000,35.755,35.77,35.72,35.76,51200
SNGS,1,20210525,100000,35.74,35.795,35.7,35.795,80600
SNGS,1,20210526,100000,35.29,35.425,35.195,35.425,556500
SNGS,1,20210527,100000,35.62,35.625,35.57,35.595,45500
SNGS,1,20210528,100000,35.93,36.045,35.9,36.0,69500
SNGS,1,20210531,100000,36.23,36.3,36.18,36.205,127400
SNGS,1,20210601,100000,36.44,36.515,36.415,36.5,181400
SNGS,1,20210602,100000,36.4,36.495,36.365,36.44,57300
SNGS,1,20210603,100000,36.555,36.695,36.55,36.625,755500
SNGS,1,20210604,100000,36.585,36.65,36.58,36.63,157500
SNGS,1,20210607,100000,36.47,36.54,36.415,36.515,595900
SNGS,1,20210608,100000,36.5,36.54,36.475,36.535,36600
SNGS,1,20210609,100000,36.525,36.535,36.385,36.39,178600
SNGS,1,20210610,100000,36.35,36.35,36.3,36.305,56600
SNGS,1,20210611,100000,36.2,36.23,36.09,36.145,101800
SNGS,1,20210614,100000,36.45,36.51,36.43,36.435,121800
SNGS,1,20210615,100000,37.28,37.31,37.225,37.28,213000
SNGS,1,20210616,100000,38.5,38.505,38.3,38.4,505400
SNGS,1,20210617,100000,38.0,38.15,37.96,38.105,149400
SNGS,1,20210618,100000,38.02,38.06,37.95,37.995,79300
SNGS,1,20210621,100000,37.76,37.9,37.76,37.855,117300
SNGS,1,20210622,100000,37.95,38.08,37.885,38.0,303500
SNGS,1,20210623,100000,38.26,38.305,38.235,38.27,174200
SNGS,1,20210624,100000,37.79,37.79,37.715,37.73,9500
SNGS,1,20210625,100000,38.1,38.125,38.055,38.055,43300
SNGS,1,20210628,100000,37.62,37.695,37.615,37.62,66800
SNGS,1,20210629,100000,37.15,37.16,37.075,37.14,60700
SNGS,1,20210630,100000,36.3,36.36,36.245,36.305,238100
SNGS,1,20210701,100000,36.79,36.79,36.7,36.785,31200
SNGS,1,20210702,100000,36.7,36.84,36.7,36.79,246700
SNGS,1,20210705,100000,36.72,36.73,36.665,36.67,109500
SNGS,1,20210706,100000,36.94,36.945,36.91,36.91,331900
SNGS,1,20210707,100000,36.91,36.945,36.895,36.94,83600
SNGS,1,20210708,100000,36.53,36.545,36.325,36.45,229000
SNGS,1,20210709,100000,35.755,35.795,35.73,35.75,49000
SNGS,1,20210712,100000,35.61,35.68,35.575,35.675,125100
SNGS,1,20210713,100000,35.515,35.62,35.515,35.615,76100
SNGS,1,20210714,100000,35.42,35.42,35.36,35.415,32400
SNGS,1,20210715,100000,35.105,35.12,35.065,35.11,84300
SNGS,1,20210716,100000,34.205,34.265,34.18,34.185,43000
SNGS,1,20210719,100000,33.28,33.33,33.165,33.28,508500
SNGS,1,20210720,100000,32.985,33.035,32.935,33.0,86100
SNGS,1,20210721,100000,32.6,32.66,32.58,32.62,35900
SNGS,1,20210722,100000,32.8,32.82,32.595,32.595,359000
SNGS,1,20210723,100000,32.715,32.785,32.675,32.785,104800
SNGS,1,20210726,100000,32.49,32.545,32.425,32.515,246400
SNGS,1,20210727,100000,32.5,32.615,32.48,32.615,230500
SNGS,1,20210728,100000,32.6,32.645,32.54,32.63,71000
SNGS,1,20210729,100000,32.99,33.185,32.93,33.095,397700
SNGS,1,20210730,100000,33.455,33.485,33.32,33.485,243900
SNGS,1,20210802,100000,32.575,32.66,32.565,32.66,186200
SNGS,1,20210803,100000,32.61,32.67,32.6,32.64,39900
SNGS,1,20210804,100000,32.77,32.77,32.655,32.705,63500
SNGS,1,20210805,100000,33.575,33.66,33.545,33.645,128200
SNGS,1,20210806,100000,33.475,33.54,33.335,33.355,262200
SNGS,1,20210809,100000,33.245,33.36,33.135,33.195,564400
SNGS,1,20210810,100000,33.68,33.785,33.68,33.695,98000
SNGS,1,20210811,100000,33.45,33.465,33.405,33.45,10400
SNGS,1,20210812,100000,33.835,33.845,33.76,33.8,42700
SNGS,1,20210813,100000,33.885,33.885,33.8,33.805,108800
SNGS,1,20210816,100000,33.515,33.52,33.29,33.3,547100
SNGS,1,20210817,100000,33.6,33.665,33.565,33.66,68100
SNGS,1,20210818,100000,34.0,34.095,34.0,34.065,67700
SNGS,1,20210819,100000,33.8,33.855,33.63,33.75,480600
SNGS,1,20210820,100000,33.785,33.785,33.695,33.76,138100
SNGS,1,20210823,100000,33.545,33.64,33.405,33.425,226800
SNGS,1,20210824,100000,34.005,34.005,33.865,33.9,111700
SNGS,1,20210825,100000,33.725,33.75,33.67,33.695,44200
SNGS,1,20210826,100000,33.595,33.595,33.56,33.59,22500
SNGS,1,20210827,100000,33.26,33.295,33.26,33.295,5200
SNGS,1,20210830,100000,33.54,33.56,33.505,33.525,165800
SNGS,1,20210831,100000,33.53,33.56,33.25,33.5,1540800
SNGS,1,20210901,100000,33.7,33.84,33.695,33.84,105700
SNGS,1,20210902,100000,33.965,34.3,33.925,34.255,2016200
SNGS,1,20210903,100000,33.93,33.94,33.82,33.895,164000
SNGS,1,20210906,100000,33.745,33.83,33.635,33.755,109700
SNGS,1,20210907,100000,33.655,33.67,33.64,33.64,22200
SNGS,1,20210908,100000,33.59,33.65,33.565,33.595,52900
SNGS,1,20210909,100000,33.62,33.625,33.475,33.485,308000
SNGS,1,20210910,100000,33.135,33.145,33.07,33.11,52700
SNGS,1,20210913,100000,33.105,33.14,33.105,33.13,72700
SNGS,1,20210914,100000,33.505,33.505,33.31,33.33,374900
SNGS,1,20210915,100000,32.985,33.075,32.955,33.035,595600
SNGS,1,20210916,100000,33.285,33.35,33.24,33.335,265200
SNGS,1,20210917,100000,33.22,33.255,33.15,33.18,165600
SNGS,1,20210920,100000,32.8,32.845,32.765,32.795,105500
SNGS,1,20210921,100000,32.49,32.56,32.43,32.47,93900
SNGS,1,20210922,100000,32.65,32.68,32.59,32.62,125200
SNGS,1,20210923,100000,33.05,33.125,32.97,33.05,403100
SNGS,1,20210924,100000,32.915,32.98,32.895,32.895,257100
SNGS,1,20210927,100000,33.095,33.2,33.075,33.155,468500
SNGS,1,20210928,100000,33.685,33.8,33.625,33.68,347900
SNGS,1,20210929,100000,34.1,34.225,34.035,34.17,433900
SNGS,1,20210930,100000,35.56,35.575,35.405,35.48,461700
SNGS,1,20211001,100000,36.49,36.54,36.235,36.52,1015000
SNGS,1,20211004,100000,36.355,36.355,36.215,36.245,63700
SNGS,1,20211005,100000,36.425,36.44,36.38,36.42,70400
SNGS,1,20211006,100000,37.355,37.475,37.355,37.445,524600
SNGS,1,20211007,100000,36.93,37.11,36.93,37.04,389200
SNGS,1,20211008,100000,36.615,36.735,36.48,36.555,506500
SNGS,1,20211011,100000,36.815,36.815,36.47,36.715,1058400
SNGS,1,20211012,100000,36.74,36.795,36.675,36.785,69500
SNGS,1,20211013,100000,36.86,36.86,36.76,36.76,22800
SNGS,1,20211014,100000,37.215,37.275,36.965,37.18,1670600
SNGS,1,20211015,100000,37.155,37.245,37.12,37.175,436900
SNGS,1,20211018,100000,37.48,37.57,37.435,37.435,184300
SNGS,1,20211019,100000,36.99,37.04,36.95,37.01,145700
SNGS,1,20211020,100000,37.31,37.465,37.31,37.45,210400
SNGS,1,20211021,100000,37.295,37.38,37.235,37.35,291700
SNGS,1,20211022,100000,36.545,36.64,36.515,36.605,201400
SNGS,1,20211025,100000,36.385,36.405,36.225,36.25,249300
SNGS,1,20211026,100000,36.5,36.53,36.455,36.475,33600
SNGS,1,20211027,100000,35.985,36.025,35.84,35.995,347000
SNGS,1,20211028,100000,35.99,36.135,35.94,35.96,718400
SNGS,1,20211029,100000,34.515,34.705,34.515,34.59,184500
SNGS,1,20211101,100000,34.03,34.03,33.93,33.97,125400
SNGS,1,20211102,100000,34.315,34.455,34.31,34.405,163100
SNGS,1,20211103,100000,33.835,33.9,33.805,33.9,83800
SNGS,1,20211105,100000,33.62,33.625,33.3,33.475,459700
SNGS,1,20211108,100000,33.575,33.745,33.575,33.705,431500
SNGS,1,20211109,100000,34.53,34.53,34.41,34.47,108800
SNGS,1,20211110,100000,33.95,33.99,33.865,33.885,112200
SNGS,1,20211111,100000,33.88,33.955,33.825,33.86,174400
SNGS,1,20211112,100000,40.26,41.0,39.61,40.07,6752500
SNGS,1,20211115,100000,46.9,47.885,46.9,47.68,3456000
SNGS,1,20211116,100000,43.795,44.23,43.57,44.025,1688600
SNGS,1,20211117,100000,45.5,45.595,45.05,45.145,1199800
SNGS,1,20211118,100000,44.11,44.11,43.505,43.72,1210800
SNGS,1,20211119,100000,41.82,41.85,41.14,41.55,1735400
SNGS,1,20211122,100000,41.12,41.215,40.895,41.02,332600
SNGS,1,20211123,100000,39.54,39.745,39.465,39.55,293200
SNGS,1,20211124,100000,40.015,40.235,39.79,40.08,441600
SNGS,1,20211125,100000,41.335,41.58,41.185,41.515,637800
SNGS,1,20211126,100000,39.5,39.885,39.025,39.76,1672100
SNGS,1,20211129,100000,38.95,39.16,38.8,38.9,964600
SNGS,1,20211130,100000,38.25,38.45,38.2,38.255,509600
SNGS,1,20211201,100000,36.8,36.93,36.75,36.825,586700
SNGS,1,20211202,100000,37.32,37.38,37.25,37.31,142500
SNGS,1,20211203,100000,39.32,39.865,39.225,39.34,1191900
SNGS,1,20211206,100000,38.74,38.86,38.655,38.655,70200
SNGS,1,20211207,100000,39.105,39.235,39.105,39.185,190100
SNGS,1,20211208,100000,39.665,39.85,39.66,39.74,244400
SNGS,1,20211209,100000,38.97,39.02,38.895,38.915,141600
SNGS,1,20211210,100000,38.875,38.875,38.825,38.85,30100
SNGS,1,20211213,100000,38.71,38.71,38.64,38.655,157600
SNGS,1,20211214,100000,36.21,36.23,36.13,36.21,150300
SNGS,1,20211215,100000,36.675,36.7,36.58,36.635,222300
SNGS,1,20211216,100000,41.055,41.15,41.0,41.08,273500
SNGS,1,20211217,100000,39.605,39.635,39.585,39.635,158900
SNGS,1,20211220,100000,38.805,38.845,38.8,38.805,87200
SNGS,1,20211221,100000,39.3,39.3,39.205,39.205,62600
SNGS,1,20211222,100000,39.075,39.075,39.04,39.04,47600
SNGS,1,20211223,100000,39.205,39.285,39.17,39.18,126600
SNGS,1,20211224,100000,38.965,38.98,38.955,38.98,20500
SNGS,1,20211227,100000,38.54,38.54,38.35,38.4,201000
SNGS,1,20211228,100000,38.755,38.76,38.71,38.71,20200
SNGS,1,20211229,100000,39.33,39.33,39.255,39.285,35100
SNGS,1,20211230,100000,39.53,39.545,39.415,39.43,73900
SNGS,1,20220103,100000,39.92,39.945,39.92,39.93,38900
SNGS,1,20220104,100000,39.49,39.495,39.455,39.455,41000
SNGS,1,20220105,100000,40.235,40.25,40.15,40.18,121300
SNGS,1,20220106,100000,39.335,39.335,39.26,39.275,76600
SNGS,1,20220110,100000,39.315,39.335,39.3,39.305,52600
SNGS,1,20220111,100000,39.32,39.32,39.25,39.265,35700
SNGS,1,20220112,100000,40.22,40.275,40.205,40.275,3800
SNGS,1,20220113,100000,40.715,40.76,40.7,40.74,35800
SNGS,1,20220114,100000,38.505,38.545,38.48,38.535,87000
SNGS,1,20220117,100000,38.66,38.695,38.51,38.565,63100
SNGS,1,20220118,100000,37.7,37.735,37.59,37.735,79900
SNGS,1,20220119,100000,35.875,36.02,35.875,35.92,89200
SNGS,1,20220120,100000,36.96,36.96,36.86,36.895,213600
SNGS,1,20220121,100000,36.075,36.15,36.02,36.03,47600
SNGS,1,20220124,100000,35.78,35.825,35.69,35.73,194600
SNGS,1,20220125,100000,34.78,34.82,34.73,34.77,85100
SNGS,1,20220126,100000,34.95,34.975,34.885,34.885,65900
SNGS,1,20220127,100000,34.055,34.135,34.055,34.075,89400
SNGS,1,20220128,100000,36.135,36.22,36.11,36.2,107300
SNGS,1,20220131,100000,36.555,36.65,36.555,36.65,57100
SNGS,1,20220201,100000,36.37,36.395,36.365,36.365,89200
SNGS,1,20220202,100000,36.09,36.12,36.01,36.01,83200
SNGS,1,20220203,100000,35.57,35.615,35.525,35.525,99500
SNGS,1,20220204,100000,35.89,35.9,35.85,35.88,6700
SNGS,1,20220207,100000,36.47,36.58,36.45,36.58,363600
SNGS,1,20220208,100000,36.075,36.095,36.07,36.075,8000
SNGS,1,20220209,100000,36.905,36.905,36.835,36.835,80200
SNGS,1,20220210,100000,36.56,36.56,36.465,36.485,229700
SNGS,1,20220211,100000,36.165,36.18,36.08,36.105,123600
SNGS,1,20220214,100000,34.75,34.92,34.715,34.875,150800
SNGS,1,20220215,100000,35.425,35.49,35.345,35.365,543600
SNGS,1,20220216,100000,36.5,36.52,36.45,36.52,77500
SNGS,1,20220217,100000,35.325,35.325,35.24,35.285,62300
SNGS,1,20220218,100000,35.17,35.175,35.16,35.17,23400
SNGS,1,20220221,100000,34.19,34.275,34.19,34.265,30000
SNGS,1,20220222,100000,27.42,27.49,27.275,27.41,237300
SNGS,1,20220224,100000,26.05,26.05,26.05,26.05,3500
SNGS,1,20220225,100000,21.475,22.945,21.475,22.8,143000
SNGS,1,20220324,100000,22.4,22.42,22.105,22.395,393100
SNGS,1,20220325,100000,25.0,25.47,24.14,24.595,278800
SNGS,1,20220328,100000,23.0,23.45,22.525,22.965,157200
SNGS,1,20220329,100000,22.25,22.32,22.215,22.225,37800
SNGS,1,20220330,100000,21.92,22.1,21.805,22.005,160000
SNGS,1,20220331,100000,22.785,22.9,22.64,22.89,290500
SNGS,1,20220401,100000,24.985,24.99,24.825,24.83,294700
SNGS,1,20220404,100000,27.025,27.725,27.005,27.625,540800
SNGS,1,20220405,100000,28.405,28.475,28.2,28.25,353700
SNGS,1,20220406,100000,26.01,26.05,25.51,25.65,203500
SNGS,1,20220407,100000,26.25,26.25,26.04,26.17,278400
SNGS,1,20220408,100000,26.18,26.545,26.18,26.295,191300
SNGS,1,20220411,100000,25.81,26.225,25.81,26.04,214300
SNGS,1,20220412,100000,25.6,25.63,25.565,25.605,23300
SNGS,1,20220413,100000,25.56,25.62,25.435,25.62,39900
SNGS,1,20220414,100000,26.255,26.345,26.24,26.305,56600
SNGS,1,20220415,100000,24.525,24.88,24.525,24.525,112700
SNGS,1,20220418,100000,24.7,24.8,24.7,24.8,40100
SNGS,1,20220419,100000,23.84,23.91,23.76,23.77,21800
SNGS,1,20220420,100000,23.09,23.23,23.065,23.2,223100
SNGS,1,20220421,100000,22.97,23.095,22.96,23.04,44000
SNGS,1,20220422,100000,22.885,23.015,22.835,22.87,83000
SNGS,1,20220425,100000,22.6,22.655,22.6,22.6,88000
SNGS,1,20220426,100000,22.005,22.125,21.935,21.935,76200
SNGS,1,20220427,100000,23.2,23.225,23.125,23.225,262000
SNGS,1,20220428,100000,23.995,23.995,23.91,23.955,15900
SNGS,1,20220429,100000,23.34,23.345,23.26,23.315,19200
SNGS,1,20220504,100000,23.73,23.825,23.72,23.82,21100
SNGS,1,20220505,100000,23.16,23.255,23.135,23.245,16100
SNGS,1,20220506,100000,23.17,23.2,23.105,23.14,52900
SNGS,1,20220511,100000,23.965,23.97,23.905,23.97,431400
SNGS,1,20220512,100000,23.56,23.605,23.51,23.535,13900
SNGS,1,20220513,100000,22.785,22.785,22.66,22.705,38500
SNGS,1,20220516,100000,22.13,22.175,22.005,22.12,111900
SNGS,1,20220517,100000,22.625,22.73,22.59,22.7,171100
SNGS,1,20220518,100000,23.175,23.44,23.175,23.43,297800
SNGS,1,20220519,100000,24.395,24.395,24.02,24.06,1016500
SNGS,1,20220520,100000,23.595,23.595,23.4,23.405,128200
SNGS,1,20220523,100000,23.045,23.095,22.99,23.095,19600
SNGS,1,20220524,100000,22.32,22.32,22.015,22.055,82100
SNGS,1,20220525,100000,22.42,22.47,22.405,22.47,60000
SNGS,1,20220526,100000,22.685,22.74,22.645,22.67,76000
SNGS,1,20220527,100000,23.395,23.42,23.305,23.395,122300
SNGS,1,20220530,100000,23.275,23.29,23.21,23.275,24900
SNGS,1,20220531,100000,22.935,22.94,22.805,22.81,40800
SNGS,1,20220601,100000,21.915,22.17,21.915,22.02,159600
SNGS,1,20220602,100000,22.175,22.18,22.11,22.165,50400
SNGS,1,20220603,100000,22.2,22.2,22.1,22.13,56500
SNGS,1,20220606,100000,21.765,21.8,21.755,21.77,40400
SNGS,1,20220607,100000,21.55,21.58,21.34,21.41,26100
SNGS,1,20220608,100000,21.8,21.89,21.76,21.81,72300
SNGS,1,20220609,100000,22.16,22.185,22.115,22.15,52100
SNGS,1,20220610,100000,22.01,22.04,22.0,22.04,60300
SNGS,1,20220614,100000,21.95,21.995,21.855,21.855,90800
SNGS,1,20220615,100000,21.785,21.8,21.52,21.7,492400
SNGS,1,20220616,100000,21.845,21.885,21.82,21.885,33500
SNGS,1,20220617,100000,23.05,23.085,23.035,23.08,58700
SNGS,1,20220620,100000,22.815,22.83,22.8,22.805,44500
SNGS,1,20220621,100000,23.15,23.15,23.1,23.1,36700
SNGS,1,20220622,100000,22.615,22.615,22.55,22.555,116700
SNGS,1,20220623,100000,22.5,22.59,22.41,22.47,31900
SNGS,1,20220624,100000,22.44,22.58,22.42,22.51,49500
SNGS,1,20220627,100000,22.53,22.59,22.52,22.575,48200
SNGS,1,20220628,100000,22.96,23.18,22.9,22.935,293400
SNGS,1,20220629,100000,26.98,27.15,26.165,26.32,5303300
SNGS,1,20220630,100000,24.905,25.17,24.9,25.025,678500
SNGS,1,20220701,100000,24.025,24.085,23.77,24.04,293800
SNGS,1,20220704,100000,25.355,25.51,25.35,25.51,589700
SNGS,1,20220705,100000,25.545,25.55,25.465,25.5,70100
SNGS,1,20220706,100000,27.075,27.075,26.925,26.93,92500
SNGS,1,20220707,100000,26.36,26.365,26.26,26.26,163800
SNGS,1,20220708,100000,26.14,26.145,26.105,26.105,47300
SNGS,1,20220711,100000,25.9,25.9,25.835,25.885,54100
SNGS,1,20220712,100000,25.15,25.15,25.06,25.06,84000
SNGS,1,20220713,100000,24.87,24.94,24.825,24.83,67300
SNGS,1,20220714,100000,24.425,24.43,24.37,24.38,39400
SNGS,1,20220715,100000,24.095,24.1,24.06,24.1,30100
SNGS,1,20220718,100000,24.595,24.69,24.555,24.68,129600
SNGS,1,20220719,100000,23.885,23.9,23.425,23.66,699000
SNGS,1,20220720,100000,24.045,24.045,23.935,23.97,91200
SNGS,1,20220721,100000,24.95,24.98,24.905,24.98,47300
SNGS,1,20220722,100000,25.8,25.845,25.775,25.845,174000
SNGS,1,20220725,100000,26.35,26.4,26.305,26.375,75800
SNGS,1,20220726,100000,27.105,27.225,27.075,27.2,83600
SNGS,1,20220727,100000,26.995,26.995,26.805,26.85,58200
SNGS,1,20220728,100000,26.105,26.13,26.03,26.11,115100
SNGS,1,20220729,100000,25.8,25.835,25.75,25.775,26000
SNGS,1,20220801,100000,28.2,28.35,28.105,28.32,324300
SNGS,1,20220802,100000,27.355,27.395,27.335,27.395,59600
SNGS,1,20220803,100000,26.57,26.595,26.5,26.52,128500
SNGS,1,20220804,100000,26.035,26.09,26.02,26.085,90000
SNGS,1,20220805,100000,26.355,26.485,26.35,26.475,81200
SNGS,1,20220808,100000,25.845,25.99,25.7,25.98,257800
SNGS,1,20220809,100000,25.745,25.785,25.7,25.76,42700
SNGS,1,20220810,100000,26.295,26.3,26.195,26.215,167600
SNGS,1,20220811,100000,26.97,27.09,26.97,27.025,73300
SNGS,1,20220812,100000,26.595,26.69,26.595,26.69,37200
SNGS,1,20220815,100000,26.67,26.69,26.385,26.4,128100
SNGS,1,20220816,100000,26.49,26.49,26.355,26.375,227000
SNGS,1,20220817,100000,26.5,26.51,26.44,26.51,197200
SNGS,1,20220818,100000,26.0,26.01,25.885,25.885,98100
SNGS,1,20220819,100000,26.05,26.06,25.995,26.0,27000
SNGS,1,20220822,100000,25.565,25.575,25.53,25.53,39500
SNGS,1,20220823,100000,25.985,26.045,25.97,26.04,30000
SNGS,1,20220824,100000,25.985,26.0,25.95,25.995,71000
SNGS,1,20220825,100000,25.27,25.27,25.255,25.27,158800
SNGS,1,20220826,100000,24.85,24.955,24.775,24.9,849700
SNGS,1,20220829,100000,24.935,24.94,24.905,24.94,119800
SNGS,1,20220830,100000,25.1,25.1,25.03,25.05,39100
SNGS,1,20220831,100000,25.055,25.18,25.0,25.005,476900
SNGS,1,20220901,100000,25.49,25.49,25.235,25.33,237100
SNGS,1,20220902,100000,25.37,25.455,25.36,25.435,243900
SNGS,1,20220905,100000,27.495,27.67,27.37,27.67,778500
SNGS,1,20220906,100000,27.265,27.27,27.21,27.245,200100
SNGS,1,20220907,100000,26.235,26.275,26.135,26.22,147900
SNGS,1,20220908,100000,25.645,25.645,25.605,25.62,77100
SNGS,1,20220909,100000,25.915,25.97,25.635,25.875,223000
SNGS,1,20220912,100000,26.25,26.465,26.25,26.42,127300
SNGS,1,20220913,100000,26.57,26.635,26.555,26.56,111600
SNGS,1,20220914,100000,26.01,26.02,25.955,25.96,18100
SNGS,1,20220915,100000,26.035,26.04,25.95,25.95,53000
SNGS,1,20220916,100000,26.46,26.51,26.445,26.445,27300
SNGS,1,20220919,100000,26.0,26.0,25.86,25.965,72800
SNGS,1,20220920,100000,25.775,25.8,25.775,25.8,10200
SNGS,1,20220921,100000,21.8,21.96,20.54,20.805,3195300
SNGS,1,20220922,100000,21.71,21.89,21.71,21.88,65600
SNGS,1,20220923,100000,22.035,22.035,21.83,21.995,126600
SNGS,1,20220926,100000,20.495,20.495,20.315,20.455,335000
SNGS,1,20220927,100000,17.745,18.095,17.725,18.0,523400
SNGS,1,20220928,100000,18.0,18.005,17.86,17.955,191400
SNGS,1,20220929,100000,18.41,18.41,18.3,18.32,297000
SNGS,1,20220930,100000,17.985,18.06,17.915,17.98,181700
SNGS,1,20221003,100000,18.15,18.25,18.085,18.21,242700
SNGS,1,20221004,100000,19.205,19.22,19.14,19.165,195100
SNGS,1,20221005,100000,18.85,18.855,18.77,18.8,116800
SNGS,1,20221006,100000,18.995,19.075,18.9,18.905,230800
SNGS,1,20221007,100000,18.505,18.505,18.3,18.375,221300
SNGS,1,20221010,100000,17.015,17.085,16.815,16.895,333900
SNGS,1,20221011,100000,18.48,18.535,18.445,18.465,106800
SNGS,1,20221012,100000,18.725,18.82,18.725,18.79,88100
SNGS,1,20221013,100000,18.52,18.52,18.4,18.445,191300
SNGS,1,20221014,100000,18.855,18.89,18.745,18.76,66400
SNGS,1,20221017,100000,18.755,18.77,18.705,18.705,38000
SNGS,1,20221018,100000,19.67,19.755,19.615,19.7,47200
SNGS,1,20221019,100000,18.99,18.995,18.84,18.99,94900
SNGS,1,20221020,100000,19.035,19.05,19.005,19.04,49300
SNGS,1,20221021,100000,19.125,19.185,19.125,19.165,29500
SNGS,1,20221024,100000,19.675,19.76,19.665,19.735,190300
SNGS,1,20221025,100000,19.67,19.715,19.65,19.715,18800
SNGS,1,20221026,100000,20.79,20.83,20.77,20.78,184300
SNGS,1,20221027,100000,21.0,21.085,20.99,21.025,205200
SNGS,1,20221028,100000,20.975,20.985,20.86,20.915,227000
SNGS,1,20221031,100000,21.62,21.64,21.58,21.585,184900
SNGS,1,20221101,100000,21.795,21.93,21.775,21.9,616500
SNGS,1,20221102,100000,22.28,22.35,22.28,22.33,260700
SNGS,1,20221103,100000,21.695,21.72,21.69,21.695,103700
SNGS,1,20221107,100000,21.82,21.88,21.785,21.795,181900
SNGS,1,20221108,100000,22.29,22.295,22.25,22.275,84300
SNGS,1,20221109,100000,22.005,22.015,21.97,22.015,23300
SNGS,1,20221110,100000,21.315,21.4,21.315,21.365,107900
SNGS,1,20221111,100000,21.85,21.85,21.78,21.8,42400
SNGS,1,20221114,100000,21.94,21.99,21.915,21.955,67400
SNGS,1,20221115,100000,22.08,22.15,22.055,22.075,52600
SNGS,1,20221116,100000,21.37,21.57,21.37,21.56,259800
SNGS,1,20221117,100000,21.72,21.785,21.72,21.77,33200
SNGS,1,20221118,100000,21.62,21.62,21.6,21.6,94000
SNGS,1,20221121,100000,21.77,21.79,21.69,21.73,68900
SNGS,1,20221122,100000,21.4,21.49,21.38,21.38,223300
SNGS,1,20221123,100000,21.495,21.495,21.445,21.45,41700
SNGS,1,20221124,100000,21.49,21.49,21.445,21.46,10800
SNGS,1,20221125,100000,22.1,22.125,22.065,22.065,78700
SNGS,1,20221128,100000,21.615,21.62,21.52,21.535,196100
SNGS,1,20221129,100000,21.79,21.875,21.765,21.835,160900
SNGS,1,20221130,100000,21.835,21.835,21.77,21.8,34000
SNGS,1,20221201,100000,21.745,21.75,21.635,21.71,243700
SNGS,1,20221202,100000,21.755,21.82,21.755,21.81,37600
SNGS,1,20221205,100000,23.175,23.175,22.925,22.96,505400
SNGS,1,20221206,100000,22.92,22.995,22.895,22.925,214400
SNGS,1,20221207,100000,22.595,22.63,22.565,22.565,110900
SNGS,1,20221208,100000,22.62,22.675,22.62,22.625,28400
SNGS,1,20221209,100000,22.755,22.795,22.74,22.74,64600
SNGS,1,20221212,100000,22.54,22.64,22.54,22.575,99900
SNGS,1,20221213,100000,22.525,22.56,22.48,22.485,70200
SNGS,1,20221214,100000,22.575,22.695,22.575,22.645,202400
SNGS,1,20221215,100000,22.36,22.41,22.345,22.35,99000
SNGS,1,20221216,100000,21.93,21.95,21.88,21.88,23000
SNGS,1,20221219,100000,21.865,21.895,21.85,21.88,44100
SNGS,1,20221220,100000,21.52,21.665,21.505,21.63,140000
SNGS,1,20221221,100000,22.445,22.48,22.435,22.48,78000
SNGS,1,20221222,100000,22.65,22.79,22.645,22.78,373700
SNGS,1,20221223,100000,22.37,22.395,22.3,22.34,145100
SNGS,1,20221226,100000,22.03,22.04,22.005,22.04,20600
SNGS,1,20221227,100000,22.085,22.11,22.08,22.11,6600
SNGS,1,20221228,100000,22.05,22.085,22.05,22.055,11700
SNGS,1,20221229,100000,21.625,21.67,21.58,21.67,66700
SNGS,1,20221230,100000,21.81,21.85,21.79,21.81,19400
SNGS,1,20230103,100000,21.7,21.72,21.685,21.72,9300
SNGS,1,20230104,100000,21.95,21.96,21.885,21.915,14800
SNGS,1,20230105,100000,21.825,21.87,21.785,21.825,7300
SNGS,1,20230106,100000,21.715,21.715,21.695,21.695,1100
SNGS,1,20230109,100000,21.76,21.81,21.68,21.72,107900
SNGS,1,20230110,100000,21.62,21.62,21.575,21.575,8300
SNGS,1,20230111,100000,21.465,21.48,21.465,21.475,6900
SNGS,1,20230112,100000,21.82,21.87,21.82,21.84,78200
SNGS,1,20230113,100000,21.675,21.72,21.675,21.69,11400
SNGS,1,20230116,100000,21.77,21.825,21.77,21.825,156300
SNGS,1,20230117,100000,22.325,22.35,22.3,22.34,60700
SNGS,1,20230118,100000,22.09,22.165,22.09,22.165,211800
SNGS,1,20230119,100000,22.075,22.075,22.0,22.03,68200
SNGS,1,20230120,100000,21.79,21.82,21.785,21.815,27000
SNGS,1,20230123,100000,21.78,21.8,21.765,21.78,22000
SNGS,1,20230124,100000,21.95,21.975,21.95,21.95,61800
SNGS,1,20230125,100000,21.695,21.695,21.67,21.675,37800
SNGS,1,20230126,100000,21.75,21.795,21.73,21.79,29400
SNGS,1,20230127,100000,21.7,21.7,21.68,21.68,11400
SNGS,1,20230130,100000,23.495,23.725,23.425,23.565,3000600
SNGS,1,20230131,100000,23.16,23.17,23.145,23.155,72100
SNGS,1,20230201,100000,23.18,23.195,23.105,23.195,174200
SNGS,1,20230202,100000,22.96,22.99,22.955,22.96,35900
SNGS,1,20230203,100000,23.23,23.235,23.205,23.215,84400
SNGS,1,20230206,100000,23.15,23.205,23.125,23.145,83400
SNGS,1,20230207,100000,23.52,23.52,23.455,23.475,150600
SNGS,1,20230208,100000,23.645,23.68,23.64,23.655,189500
SNGS,1,20230209,100000,23.15,23.24,23.15,23.23,206700
SNGS,1,20230210,100000,23.055,23.115,23.055,23.095,97100
SNGS,1,20230213,100000,23.135,23.155,23.105,23.115,55200
SNGS,1,20230214,100000,23.105,23.13,23.04,23.09,163400
SNGS,1,20230215,100000,22.555,22.555,22.495,22.5,122100
SNGS,1,20230216,100000,21.88,21.88,21.82,21.875,46800
SNGS,1,20230217,100000,21.47,21.47,21.41,21.42,125500
SNGS,1,20230220,100000,21.64,21.64,21.55,21.555,135500
SNGS,1,20230221,100000,22.17,22.26,22.17,22.25,37700
SNGS,1,20230222,100000,22.375,22.375,22.335,22.335,76800
SNGS,1,20230224,100000,22.265,22.425,22.215,22.325,242800
SNGS,1,20230227,100000,22.08,22.08,21.98,21.98,433300
SNGS,1,20230228,100000,22.51,22.52,22.5,22.5,43200
SNGS,1,20230301,100000,22.815,22.92,22.8,22.895,157200
SNGS,1,20230302,100000,22.86,22.885,22.85,22.88,84300
SNGS,1,20230303,100000,22.28,22.385,22.275,22.385,125000
SNGS,1,20230306,100000,22.635,22.68,22.605,22.67,234400
SNGS,1,20230307,100000,22.81,22.825,22.755,22.78,41100
SNGS,1,20230309,100000,22.625,22.64,22.62,22.635,27400
SNGS,1,20230310,100000,22.345,22.365,22.3,22.31,384100
SNGS,1,20230313,100000,22.31,22.395,22.26,22.33,205400
SNGS,1,20230314,100000,22.135,22.15,22.105,22.125,47500
SNGS,1,20230315,100000,22.365,22.37,22.335,22.37,36100
SNGS,1,20230316,100000,22.105,22.105,22.055,22.075,73200
SNGS,1,20230317,100000,22.33,22.445,22.255,22.255,143200
SNGS,1,20230320,100000,22.58,22.6,22.525,22.535,195600
SNGS,1,20230321,100000,23.345,23.36,23.28,23.28,132900
SNGS,1,20230322,100000,23.075,23.075,22.94,23.005,123400
SNGS,1,20230323,100000,23.0,23.0,22.9,22.915,54200
SNGS,1,20230324,100000,23.1,23.14,23.085,23.085,26000
SNGS,1,20230327,100000,23.205,23.3,23.2,23.2,193100
SNGS,1,20230328,100000,23.905,23.96,23.86,23.875,587500
SNGS,1,20230329,100000,23.71,23.73,23.67,23.67,77100
SNGS,1,20230330,100000,23.8,23.82,23.71,23.775,188300
SNGS,1,20230331,100000,23.915,23.97,23.88,23.94,504000
SNGS,1,20230403,100000,23.865,23.945,23.79,23.905,1015200
SNGS,1,20230404,100000,24.155,24.155,24.105,24.11,83700
SNGS,1,20230405,100000,24.895,24.905,24.765,24.775,323200
SNGS,1,20230406,100000,25.135,25.15,25.08,25.11,189100
SNGS,1,20230407,100000,25.035,25.095,25.03,25.08,237700
SNGS,1,20230410,100000,25.065,25.09,25.04,25.08,207500
SNGS,1,20230411,100000,25.31,25.39,25.31,25.345,240800
SNGS,1,20230412,100000,24.77,24.89,24.765,24.86,217800
SNGS,1,20230413,100000,24.805,24.815,24.775,24.785,31300
SNGS,1,20230414,100000,24.685,24.765,24.665,24.76,86100
SNGS,1,20230417,100000,24.73,24.8,24.715,24.795,143100
SNGS,1,20230418,100000,25.14,25.165,25.13,25.155,70400
SNGS,1,20230419,100000,25.1,25.1,25.065,25.065,42300
SNGS,1,20230420,100000,24.9,24.915,24.795,24.81,297400
SNGS,1,20230421,100000,25.29,25.34,25.28,25.32,256100
SNGS,1,20230424,100000,26.33,26.36,26.2,26.285,1241200
SNGS,1,20230425,100000,26.015,26.03,25.905,26.0,321900
SNGS,1,20230426,100000,25.47,25.56,25.47,25.53,113700
SNGS,1,20230427,100000,25.2,25.22,25.19,25.215,97200
SNGS,1,20230428,100000,25.555,25.6,25.545,25.59,206300
SNGS,1,20230502,100000,25.115,25.235,25.095,25.205,329400
SNGS,1,20230503,100000,24.5,24.555,24.47,24.525,97400
SNGS,1,20230504,100000,23.52,23.71,23.51,23.66,368800
SNGS,1,20230505,100000,23.595,23.595,23.48,23.585,119200
SNGS,1,20230508,100000,23.3,23.34,23.26,23.34,130500
SNGS,1,20230510,100000,23.265,23.285,23.21,23.22,93200
SNGS,1,20230511,100000,23.85,23.885,23.835,23.885,129800
SNGS,1,20230512,100000,23.9,23.915,23.835,23.88,290700
SNGS,1,20230515,100000,24.05,24.115,24.005,24.07,321600
SNGS,1,20230516,100000,25.36,25.485,25.32,25.445,565800
SNGS,1,20230517,100000,25.11,25.11,25.02,25.065,111400
SNGS,1,20230518,100000,25.12,25.18,25.115,25.12,291700
SNGS,1,20230519,100000,24.2,24.385,24.02,24.11,655300
SNGS,1,20230522,100000,24.495,24.525,24.4,24.435,303600
SNGS,1,20230523,100000,24.095,24.1,24.07,24.1,59800
SNGS,1,20230524,100000,24.42,24.425,24.4,24.4,70100
SNGS,1,20230525,100000,24.275,24.365,24.24,24.29,209500
SNGS,1,20230526,100000,24.16,24.18,24.12,24.13,59200
SNGS,1,20230529,100000,24.48,24.49,24.44,24.47,97000
SNGS,1,20230530,100000,24.59,24.63,24.51,24.565,469200
SNGS,1,20230531,100000,24.14,24.15,24.105,24.15,90100
SNGS,1,20230601,100000,24.475,24.56,24.46,24.56,312500
SNGS,1,20230602,100000,24.7,24.87,24.665,24.705,468500
SNGS,1,20230605,100000,25.235,25.285,25.22,25.25,150000
SNGS,1,20230606,100000,24.885,24.9,24.81,24.875,308300
SNGS,1,20230607,100000,25.175,25.175,25.125,25.15,99200
SNGS,1,20230608,100000,25.125,25.125,25.05,25.07,19700
SNGS,1,20230609,100000,25.875,26.1,25.81,25.915,2958700
SNGS,1,20230613,100000,25.55,25.835,25.55,25.7,618100
SNGS,1,20230614,100000,26.075,26.15,26.075,26.15,424900
SNGS,1,20230615,100000,25.87,25.92,25.825,25.89,173100
SNGS,1,20230616,100000,26.81,26.87,26.805,26.85,183900
SNGS,1,20230619,100000,26.665,26.665,26.535,26.56,199900
SNGS,1,20230620,100000,27.28,27.3,27.25,27.29,177600
SNGS,1,20230621,100000,27.4,27.415,27.35,27.41,100200
SNGS,1,20230622,100000,27.305,27.305,27.21,27.275,164700
SNGS,1,20230623,100000,26.95,26.985,26.905,26.965,308400
SNGS,1,20230626,100000,26.395,26.595,26.34,26.47,893800
SNGS,1,20230627,100000,26.55,26.585,26.495,26.495,201200
SNGS,1,20230628,100000,27.34,27.43,27.33,27.355,250700
SNGS,1,20230629,100000,28.025,28.05,28.005,28.035,224400
SNGS,1,20230630,100000,28.69,28.87,28.62,28.72,1823400
SNGS,1,20230703,100000,28.41,28.435,28.27,28.3,164500
SNGS,1,20230704,100000,27.83,27.9,27.825,27.865,16500
SNGS,1,20230705,100000,27.955,28.1,27.92,28.06,135600
SNGS,1,20230706,100000,28.315,28.445,28.315,28.43,555600
SNGS,1,20230707,100000,28.11,28.11,28.0,28.01,123900
SNGS,1,20230710,100000,28.34,28.35,28.305,28.34,224300
SNGS,1,20230711,100000,28.23,28.3,28.175,28.215,425000
SNGS,1,20230712,100000,28.39,28.43,28.365,28.43,336700
SNGS,1,20230713,100000,29.01,29.095,28.97,29.09,252400
SNGS,1,20230714,100000,28.75,28.75,28.67,28.725,116200
SNGS,1,20230717,100000,28.78,28.99,28.51,28.855,894000
SNGS,1,20230718,100000,29.005,29.06,28.86,28.95,504400
SNGS,1,20230719,100000,29.185,29.335,29.155,29.335,1528800
SNGS,1,20230720,100000,29.21,29.23,29.18,29.19,102700
SNGS,1,20230721,100000,28.37,28.45,28.36,28.365,246700
SNGS,1,20230724,100000,28.82,28.83,28.78,28.78,317600
SNGS,1,20230725,100000,28.825,28.84,28.81,28.825,72700
SNGS,1,20230726,100000,28.99,29.015,28.985,28.995,37100
SNGS,1,20230727,100000,29.29,29.295,29.25,29.27,92200
SNGS,1,20230728,100000,29.33,29.33,29.21,29.29,118500
SNGS,1,20230731,100000,29.385,29.465,29.385,29.43,424600
SNGS,1,20230801,100000,29.78,29.86,29.735,29.83,514900
SNGS,1,20230802,100000,31.27,31.37,31.24,31.295,432200
SNGS,1,20230803,100000,31.5,31.525,31.435,31.455,196400
SNGS,1,20230804,100000,31.88,31.93,31.79,31.835,419900
SNGS,1,20230807,100000,31.25,31.605,31.25,31.545,854000
SNGS,1,20230808,100000,30.61,30.655,30.3,30.365,288400
SNGS,1,20230809,100000,30.84,31.035,30.83,30.97,355300
SNGS,1,20230810,100000,30.91,30.95,30.9,30.91,243200
SNGS,1,20230811,100000,31.445,31.5,31.43,31.445,94000
SNGS,1,20230814,100000,32.48,32.6,32.4,32.585,557200
SNGS,1,20230815,100000,30.895,31.18,30.725,30.755,1088800
SNGS,1,20230816,100000,31.05,31.325,31.0,31.18,666100
SNGS,1,20230817,100000,30.52,30.72,30.5,30.64,453600
SNGS,1,20230818,100000,30.36,30.37,30.18,30.245,427800
SNGS,1,20230821,100000,30.715,30.735,30.665,30.7,360500
SNGS,1,20230822,100000,30.515,30.55,30.505,30.53,83700
SNGS,1,20230823,100000,30.805,30.885,30.805,30.855,422300
SNGS,1,20230824,100000,30.285,30.305,30.23,30.305,223800
SNGS,1,20230825,100000,30.65,30.74,30.61,30.67,194800
SNGS,1,20230828,100000,30.595,30.655,30.59,30.655,183100
SNGS,1,20230829,100000,31.0,31.0,30.93,30.94,63600
SNGS,1,20230830,100000,31.405,31.44,31.395,31.425,70200
SNGS,1,20230831,100000,31.395,31.4,31.375,31.375,47600
SNGS,1,20230901,100000,31.4,31.47,31.325,31.37,77000
SNGS,1,20230904,100000,31.525,31.745,31.5,31.7,651800
SNGS,1,20230905,100000,32.15,32.155,32.115,32.115,117100
SNGS,1,20230906,100000,32.335,32.335,32.205,32.245,161600
SNGS,1,20230907,100000,32.22,32.39,32.22,32.31,203000
SNGS,1,20230908,100000,31.295,31.375,31.285,31.335,78300
SNGS,1,20230911,100000,30.68,30.685,30.57,30.605,311800
SNGS,1,20230912,100000,30.43,30.43,30.195,30.33,463300
SNGS,1,20230913,100000,30.905,30.92,30.805,30.805,123900
SNGS,1,20230914,100000,30.4,30.465,30.38,30.45,228200
SNGS,1,20230915,100000,30.26,30.27,30.045,30.155,396100
SNGS,1,20230918,100000,30.7,30.74,30.66,30.735,151900
SNGS,1,20230919,100000,30.36,30.435,30.36,30.37,44900
SNGS,1,20230920,100000,29.495,29.585,29.405,29.545,298900
SNGS,1,20230921,100000,29.2,29.2,29.065,29.065,138400
SNGS,1,20230922,100000,28.49,28.55,28.49,28.525,59900
SNGS,1,20230925,100000,28.7,28.75,28.7,28.715,35800
SNGS,1,20230926,100000,28.925,28.95,28.905,28.905,62400
SNGS,1,20230927,100000,28.85,28.92,28.825,28.84,55700
SNGS,1,20230928,100000,29.14,29.14,29.015,29.045,57900
SNGS,1,20230929,100000,30.05,30.125,30.03,30.045,164200
SNGS,1,20231002,100000,31.85,32.19,31.845,32.175,2348300
SNGS,1,20231003,100000,32.535,32.55,32.4,32.51,633600
SNGS,1,20231004,100000,33.395,33.425,33.25,33.35,527100
SNGS,1,20231005,100000,32.9,33.075,32.9,33.03,1374400
SNGS,1,20231006,100000,33.925,34.1,33.85,34.0,1694600
SNGS,1,20231009,100000,34.05,34.545,34.045,34.44,3411900
SNGS,1,20231010,100000,33.43,33.485,33.395,33.425,266200
SNGS,1,20231011,100000,33.29,33.325,33.205,33.25,225600
SNGS,1,20231012,100000,31.79,31.79,31.575,31.68,1159800
SNGS,1,20231013,100000,32.255,32.34,32.25,32.33,193200
SNGS,1,20231016,100000,32.6,32.7,32.565,32.67,385500
SNGS,1,20231017,100000,32.775,32.775,32.675,32.695,309300
SNGS,1,20231018,100000,32.99,33.02,32.96,33.02,52900
SNGS,1,20231019,100000,33.01,33.015,32.91,32.95,177200
SNGS,1,20231020,100000,32.905,32.905,32.77,32.77,261500
SNGS,1,20231023,100000,32.58,32.625,32.535,32.585,135000
SNGS,1,20231024,100000,32.19,32.19,32.01,32.1,577500
SNGS,1,20231025,100000,32.72,32.9,32.72,32.8,353300
SNGS,1,20231026,100000,33.24,33.365,33.24,33.365,161700
SNGS,1,20231027,100000,32.49,32.57,32.44,32.565,399300
SNGS,1,20231030,100000,32.67,32.725,32.64,32.695,175900
SNGS,1,20231031,100000,32.935,32.975,32.905,32.975,97300
SNGS,1,20231101,100000,32.705,32.74,32.695,32.705,21000
SNGS,1,20231102,100000,32.415,32.47,32.4,32.45,232800
SNGS,1,20231103,100000,31.965,31.965,31.88,31.905,93900
SNGS,1,20231106,100000,31.83,31.855,31.805,31.835,43800
SNGS,1,20231107,100000,32.37,32.4,32.37,32.395,37400
SNGS,1,20231108,100000,32.1,32.125,32.08,32.11,55800
SNGS,1,20231109,100000,32.545,32.595,32.525,32.575,56100
SNGS,1,20231110,100000,32.85,32.855,32.755,32.76,342600
SNGS,1,20231113,100000,32.62,32.64,32.61,32.62,149800
SNGS,1,20231114,100000,32.265,32.335,32.26,32.26,164600
SNGS,1,20231115,100000,31.6,31.61,31.41,31.465,187600
SNGS,1,20231116,100000,32.06,32.06,31.91,31.91,138200
SNGS,1,20231117,100000,31.175,31.18,31.065,31.105,93400
SNGS,1,20231120,100000,32.32,32.385,32.315,32.345,205200
SNGS,1,20231121,100000,32.04,32.045,31.86,31.89,396800
SNGS,1,20231122,100000,32.345,32.345,32.275,32.295,125200
SNGS,1,20231123,100000,32.135,32.215,32.135,32.185,100300
SNGS,1,20231124,100000,31.99,32.06,31.985,32.05,209700
SNGS,1,20231127,100000,32.02,32.05,32.015,32.035,58900
SNGS,1,20231128,100000,31.73,31.875,31.675,31.8,648600
SNGS,1,20231129,100000,32.05,32.205,32.02,32.095,742900
SNGS,1,20231130,100000,31.81,31.82,31.78,31.8,23400
SNGS,1,20231201,100000,31.57,31.575,31.495,31.53,171500
SNGS,1,20231204,100000,30.85,30.88,30.775,30.795,366300
SNGS,1,20231205,100000,29.99,30.06,29.96,30.01,126300
SNGS,1,20231206,100000,29.825,29.825,29.68,29.715,241100
SNGS,1,20231207,100000,28.09,28.38,28.09,28.285,468600
SNGS,1,20231208,100000,28.07,28.19,28.07,28.165,158800
SNGS,1,20231211,100000,27.95,27.96,27.815,27.875,221600
SNGS,1,20231212,100000,26.98,26.98,26.85,26.96,243600
SNGS,1,20231213,100000,26.85,26.85,26.56,26.71,724300
SNGS,1,20231214,100000,27.335,27.49,27.335,27.45,382400
SNGS,1,20231215,100000,26.975,27.02,26.935,27.015,334800
SNGS,1,20231218,100000,27.84,27.91,27.77,27.855,364200
SNGS,1,20231219,100000,28.29,28.29,28.015,28.095,673600
SNGS,1,20231220,100000,28.075,28.13,28.02,28.045,82100
SNGS,1,20231221,100000,28.23,28.23,28.11,28.125,126800
SNGS,1,20231222,100000,27.64,27.655,27.615,27.645,79900
SNGS,1,20231225,100000,27.7,27.72,27.615,27.705,118500
SNGS,1,20231226,100000,27.5,27.56,27.47,27.535,86100
SNGS,1,20231227,100000,27.37,27.38,27.335,27.36,100000
SNGS,1,20231228,100000,26.86,26.945,26.82,26.885,639700
SNGS,1,20231229,100000,26.76,26.78,26.725,26.735,123700
SNGS,1,20240103,100000,26.905,26.965,26.9,26.9,42000
SNGS,1,20240104,100000,27.46,27.47,27.455,27.46,102400
SNGS,1,20240105,100000,27.61,27.69,27.61,27.675,144000
SNGS,1,20240108,100000,27.715,27.75,27.71,27.735,325000
SNGS,1,20240109,100000,28.48,28.515,28.465,28.495,346200
SNGS,1,20240110,100000,28.325,28.345,28.305,28.32,206600
SNGS,1,20240111,100000,28.72,28.825,28.7,28.705,597500
SNGS,1,20240112,100000,29.69,29.765,29.615,29.73,974200
SNGS,1,20240115,100000,30.195,30.265,30.155,30.26,393300
SNGS,1,20240116,100000,29.9,29.93,29.85,29.885,352500
SNGS,1,20240117,100000,29.605,29.615,29.56,29.59,152000
SNGS,1,20240118,100000,29.725,29.805,29.725,29.765,162900
SNGS,1,20240119,100000,29.0,29.04,28.8,28.875,841900
SNGS,1,20240122,100000,28.705,28.745,28.57,28.615,515200
SNGS,1,20240123,100000,29.1,29.155,29.08,29.105,375900
SNGS,1,20240124,100000,29.225,29.265,29.2,29.25,123500
SNGS,1,20240125,100000,28.895,28.93,28.875,28.91,93400
SNGS,1,20240126,100000,29.185,29.255,29.13,29.23,130800
SNGS,1,20240129,100000,29.115,29.175,29.105,29.155,78500
SNGS,1,20240130,100000,28.945,28.965,28.855,28.87,250500
SNGS,1,20240131,100000,29.08,29.09,29.03,29.09,135300
SNGS,1,20240201,100000,29.155,29.215,29.14,29.215,153300
SNGS,1,20240202,100000,30.97,31.2,30.93,31.14,4435600
SNGS,1,20240205,100000,30.42,30.445,30.325,30.44,345000
SNGS,1,20240206,100000,30.25,30.265,30.2,30.215,166400
SNGS,1,20240207,100000,30.34,30.4,30.335,30.4,85100
SNGS,1,20240208,100000,30.22,30.285,30.22,30.28,82400
SNGS,1,20240209,100000,29.77,29.78,29.7,29.765,93900
SNGS,1,20240212,100000,30.255,30.35,30.25,30.33,374300
SNGS,1,20240213,100000,30.385,30.445,30.38,30.42,220400
SNGS,1,20240214,100000,30.5,30.58,30.49,30.55,154800
SNGS,1,20240215,100000,30.465,30.465,30.395,30.405,82700
SNGS,1,20240216,100000,30.85,31.0,30.85,30.955,1064700
SNGS,1,20240219,100000,30.455,30.455,30.215,30.26,371600
SNGS,1,20240220,100000,30.2,30.28,30.16,30.275,224800
SNGS,1,20240221,100000,28.99,29.165,28.99,29.145,211800
SNGS,1,20240222,100000,28.725,28.83,28.725,28.75,177700
SNGS,1,20240226,100000,28.795,28.865,28.755,28.84,631600
SNGS,1,20240227,100000,29.35,29.35,29.03,29.15,3112300
SNGS,1,20240228,100000,29.395,29.47,29.375,29.38,205000
SNGS,1,20240229,100000,29.305,29.305,29.205,29.205,133400
SNGS,1,20240301,100000,29.435,29.49,29.43,29.475,189700
SNGS,1,20240304,100000,29.425,29.425,29.32,29.335,268700
SNGS,1,20240305,100000,29.79,29.79,29.7,29.745,279300
SNGS,1,20240306,100000,29.79,29.795,29.64,29.7,361900
SNGS,1,20240307,100000,29.815,29.835,29.735,29.785,170600
SNGS,1,20240311,100000,29.9,29.94,29.875,29.91,133900
SNGS,1,20240312,100000,29.62,29.635,29.55,29.55,185900
SNGS,1,20240313,100000,29.735,29.775,29.73,29.735,46000
SNGS,1,20240314,100000,29.41,29.41,29.23,29.29,871000
SNGS,1,20240315,100000,29.21,29.245,29.19,29.235,69300
SNGS,1,20240318,100000,29.265,29.33,29.255,29.32,479700
SNGS,1,20240319,100000,29.51,29.515,29.49,29.505,29900
SNGS,1,20240320,100000,28.865,28.925,28.865,28.925,106500
SNGS,1,20240321,100000,28.655,28.705,28.655,28.685,114000
SNGS,1,20240322,100000,28.255,28.38,28.255,28.365,445500
SNGS,1,20240325,100000,28.54,28.7,28.54,28.65,493000
SNGS,1,20240326,100000,29.36,29.43,29.36,29.43,608100
SNGS,1,20240327,100000,29.1,29.155,29.1,29.14,94200
SNGS,1,20240328,100000,29.38,29.465,29.335,29.45,719000
SNGS,1,20240329,100000,29.175,29.23,29.17,29.215,120900
SNGS,1,20240401,100000,30.01,30.06,29.91,29.985,1461800
SNGS,1,20240402,100000,31.355,31.355,31.29,31.315,473400
SNGS,1,20240403,100000,30.935,31.0,30.935,30.945,205100
SNGS,1,20240404,100000,31.15,31.15,31.1,31.105,86700
SNGS,1,20240405,100000,30.68,30.785,30.67,30.72,339000
SNGS,1,20240408,100000,31.045,31.06,30.85,30.885,511600
SNGS,1,20240409,100000,31.75,31.79,31.73,31.755,101300
SNGS,1,20240410,100000,30.985,31.065,30.985,31.015,120100
SNGS,1,20240411,100000,31.59,31.68,31.585,31.635,359600
SNGS,1,20240412,100000,31.215,31.245,31.14,31.165,276600
SNGS,1,20240415,100000,31.75,31.875,31.615,31.875,1213600
SNGS,1,20240416,100000,32.81,32.83,32.43,32.65,5600000
SNGS,1,20240417,100000,32.975,32.99,32.94,32.97,118500
SNGS,1,20240418,100000,32.26,32.26,32.21,32.215,318200
SNGS,1,20240419,100000,32.96,33.095,32.96,33.03,1584900
SNGS,1,20240422,100000,34.36,34.41,34.3,34.39,1652400
SNGS,1,20240423,100000,34.9,34.9,34.535,34.68,2522100
SNGS,1,20240424,100000,33.525,33.55,33.48,33.48,477600
SNGS,1,20240425,100000,33.02,33.065,33.0,33.03,255300
SNGS,1,20240426,100000,33.385,33.445,33.385,33.43,299600
SNGS,1,20240427,100000,33.4,33.4,33.36,33.4,65000
SNGS,1,20240429,100000,34.695,34.765,34.61,34.75,972400
SNGS,1,20240430,100000,35.5,35.7,35.495,35.65,1546400
SNGS,1,20240502,100000,35.0,35.05,34.975,35.0,123700
SNGS,1,20240503,100000,34.795,34.875,34.785,34.87,374000
SNGS,1,20240506,100000,35.39,35.535,35.355,35.53,1770700
SNGS,1,20240507,100000,35.92,36.025,35.91,36.025,561800
SNGS,1,20240508,100000,36.585,36.645,36.555,36.6,495300
SNGS,1,20240510,100000,36.485,36.62,36.46,36.595,755700
SNGS,1,20240513,100000,37.18,37.265,37.015,37.265,1810400
SNGS,1,20240514,100000,36.005,36.005,35.87,35.87,560600
SNGS,1,20240515,100000,35.525,35.53,35.38,35.465,492400
SNGS,1,20240516,100000,33.815,33.97,33.81,33.85,714000
SNGS,1,20240517,100000,34.135,34.215,34.13,34.16,261000
SNGS,1,20240520,100000,33.345,33.365,33.305,33.32,298100
SNGS,1,20240521,100000,33.175,33.22,33.115,33.145,337600
SNGS,1,20240522,100000,32.97,32.995,32.89,32.93,216700
SNGS,1,20240523,100000,32.885,32.955,32.81,32.84,253000
SNGS,1,20240524,100000,32.85,32.925,32.85,32.895,291100
SNGS,1,20240527,100000,31.715,31.74,31.62,31.62,333900
SNGS,1,20240528,100000,30.405,30.42,30.27,30.38,621700
SNGS,1,20240529,100000,30.23,30.305,30.2,30.2,897200
SNGS,1,20240530,100000,30.785,30.84,30.735,30.82,663700
SNGS,1,20240531,100000,29.34,29.675,29.275,29.615,797900
SNGS,1,20240603,100000,28.78,28.945,28.755,28.89,1123900
SNGS,1,20240604,100000,28.3,28.3,28.145,28.16,453200
SNGS,1,20240605,100000,28.9,28.945,28.88,28.935,424800
SNGS,1,20240606,100000,28.675,28.725,28.625,28.705,269600
SNGS,1,20240607,100000,28.82,28.89,28.8,28.815,125100
SNGS,1,20240610,100000,30.105,30.47,30.05,30.325,2261700
SNGS,1,20240611,100000,29.07,29.07,28.905,28.995,516800
SNGS,1,20240613,100000,27.395,27.46,26.52,27.105,5585600
SNGS,1,20240614,100000,28.995,29.085,28.925,28.945,423100
SNGS,1,20240617,100000,29.17,29.25,29.165,29.19,77700
SNGS,1,20240618,100000,28.875,28.98,28.875,28.895,161200
SNGS,1,20240619,100000,27.775,27.83,27.73,27.75,222700
SNGS,1,20240620,100000,27.04,27.13,27.025,27.13,167100
SNGS,1,20240621,100000,28.355,28.355,28.28,28.325,165700
SNGS,1,20240624,100000,27.755,27.77,27.72,27.74,89000
SNGS,1,20240625,100000,27.795,27.835,27.77,27.77,10700
SNGS,1,20240626,100000,28.185,28.22,28.165,28.21,244900
SNGS,1,20240627,100000,28.0,28.0,27.905,27.935,110800
SNGS,1,20240628,100000,27.99,27.99,27.91,27.925,119300
SNGS,1,20240701,100000,29.56,29.7,29.55,29.62,1074900
SNGS,1,20240702,100000,30.26,30.26,30.15,30.22,294400
SNGS,1,20240703,100000,30.005,30.005,29.82,29.91,1090600
SNGS,1,20240704,100000,29.925,29.965,29.8,29.925,670700
SNGS,1,20240705,100000,29.0,29.025,28.955,28.995,43100
SNGS,1,20240708,100000,29.035,29.15,29.02,29.085,348600
SNGS,1,20240709,100000,28.315,28.385,28.305,28.34,160600
SNGS,1,20240710,100000,28.15,28.17,28.045,28.11,115300
SNGS,1,20240711,100000,27.305,27.5,27.295,27.485,531500
SNGS,1,20240712,100000,28.49,28.57,28.485,28.515,441300
SNGS,1,20240715,100000,28.095,28.2,28.07,28.19,147100
SNGS,1,20240716,100000,27.285,27.3,27.17,27.295,110700
SNGS,1,20240717,100000,27.375,27.48,27.325,27.325,574300
SNGS,1,20240718,100000,27.075,27.195,27.07,27.115,3438300
SNGS,1,20240719,100000,27.86,27.86,27.67,27.69,420200
SNGS,1,20240722,100000,28.37,28.495,28.35,28.465,391400
SNGS,1,20240723,100000,29.005,29.02,28.91,28.955,107000
SNGS,1,20240724,100000,28.86,28.885,28.85,28.855,132300
SNGS,1,20240725,100000,29.495,29.5,29.395,29.435,211500
SNGS,1,20240726,100000,28.9,28.93,28.75,28.75,364700
SNGS,1,20240729,100000,28.09,28.09,27.815,27.95,836100
SNGS,1,20240730,100000,27.11,27.175,27.085,27.12,170400
SNGS,1,20240731,100000,27.805,27.85,27.755,27.795,641900
SNGS,1,20240801,100000,27.845,28.025,27.81,27.955,594700
SNGS,1,20240802,100000,27.54,27.565,27.535,27.55,32600
SNGS,1,20240805,100000,26.625,26.685,26.5,26.525,2063000
SNGS,1,20240806,100000,26.365,26.57,26.36,26.535,1059300
SNGS,1,20240807,100000,26.285,26.36,26.28,26.32,147700
SNGS,1,20240808,100000,26.375,26.4,26.295,26.305,100700
SNGS,1,20240809,100000,26.095,26.15,26.03,26.12,189600
SNGS,1,20240812,100000,25.97,26.02,25.905,25.905,457600
SNGS,1,20240813,100000,26.11,26.18,26.11,26.145,582500
SNGS,1,20240814,100000,27.045,27.06,26.96,26.975,121300
SNGS,1,20240815,100000,26.39,26.405,26.365,26.39,37500
SNGS,1,20240816,100000,26.245,26.295,26.22,26.29,94100
SNGS,1,20240819,100000,26.18,26.18,26.065,26.08,145100
SNGS,1,20240820,100000,25.625,25.67,25.605,25.64,177400
SNGS,1,20240821,100000,25.57,25.57,25.455,25.515,75000
SNGS,1,20240822,100000,25.79,25.97,25.77,25.775,596300
SNGS,1,20240823,100000,24.66,24.725,24.61,24.67,299700
SNGS,1,20240826,100000,24.725,24.895,24.62,24.8,1102100
SNGS,1,20240827,100000,25.06,25.11,24.97,25.025,520700
SNGS,1,20240828,100000,24.26,24.285,24.1,24.105,208500
SNGS,1,20240829,100000,24.205,24.26,24.17,24.17,76300
SNGS,1,20240830,100000,24.295,24.3,24.215,24.24,209000
SNGS,1,20240902,100000,22.975,22.985,22.625,22.79,2054300
SNGS,1,20240903,100000,22.2,22.22,22.095,22.195,349400
SNGS,1,20240904,100000,22.15,22.21,22.105,22.125,767500
SNGS,1,20240905,100000,23.465,23.535,23.325,23.325,766600
SNGS,1,20240906,100000,22.81,22.84,22.675,22.685,420800
SNGS,1,20240909,100000,23.455,23.555,23.45,23.525,469700
SNGS,1,20240910,100000,24.15,24.165,24.04,24.065,401000
